PRP$,RB,DT,JJ,NN,",",CC,VB,VBG,IN,.,NNP,NNS,PRP,VBP,MD,TO,VBZ,:,VBN,RP,WP,WRB,CD,WDT,PDT,JJR,RBR,VBD,UH,``,'',(,),JJS,EX,FW,RBS,NNPS,$,WP$,#,SYM,POS
5,10,10,9,22,8,7,11,4,16,10,4,5,10,5,5,3,2,1,1,3,0,0,0,0,0,0,0,0,0,0,0,0,0,0,0,0,0,0,0,0,0,0,0
48,166,148,158,243,88,87,158,57,205,143,39,98,248,123,46,75,76,4,23,20,18,28,15,9,2,6,3,34,2,7,7,2,2,3,1,1,0,0,0,0,0,0,0
11,27,40,25,65,28,22,50,13,45,24,5,22,41,25,5,18,10,4,5,3,4,1,5,5,1,0,1,14,0,0,0,0,0,2,4,0,2,0,0,0,0,0,0
24,84,57,51,113,0,22,59,15,100,55,22,33,70,50,12,35,22,10,16,6,13,8,6,4,3,7,0,40,0,0,0,2,2,5,8,0,0,1,0,0,0,0,0
11,20,12,10,26,13,10,9,9,19,17,9,10,24,16,4,1,3,5,2,0,1,1,2,0,1,2,0,2,1,0,0,1,0,0,0,0,0,0,0,0,0,0,0
63,148,124,106,212,74,64,150,63,260,171,80,56,298,126,50,111,81,5,40,14,14,18,6,12,3,2,2,51,7,1,2,0,0,4,1,0,0,0,0,0,0,0,0
19,87,71,58,125,52,29,99,22,113,102,41,22,150,85,32,52,18,7,7,12,6,8,3,8,0,6,3,16,0,1,1,2,2,2,4,0,2,0,0,0,0,0,0
47,136,118,99,241,72,91,146,55,215,131,55,61,220,124,37,76,42,2,14,25,27,15,4,6,3,8,1,41,3,9,9,2,3,6,1,0,2,0,0,0,0,0,0
54,115,171,144,295,90,75,107,56,238,61,30,95,155,86,44,68,55,4,29,9,8,4,9,10,1,5,3,18,0,2,0,9,9,4,5,0,1,0,2,0,0,0,0
3,7,12,2,20,2,5,9,4,12,11,9,3,12,6,2,3,3,1,2,0,1,3,0,0,0,0,0,1,0,0,0,0,0,1,1,0,0,0,0,0,0,0,0
3,9,3,4,8,2,3,2,2,4,10,1,2,14,7,1,1,3,0,0,1,0,1,1,0,0,0,0,5,0,0,0,0,0,0,0,0,0,0,0,0,0,0,0
11,14,11,18,24,15,6,19,7,21,34,10,12,30,16,5,5,4,0,1,3,1,2,2,1,0,1,0,2,0,0,0,3,3,0,0,0,0,0,0,0,0,0,0
6,4,7,3,12,1,4,6,1,6,10,0,2,19,7,2,3,3,0,3,0,1,1,0,0,0,0,1,5,0,0,0,0,0,0,1,0,0,0,0,0,0,0,0
80,124,94,118,207,85,45,129,37,150,177,61,74,194,116,37,33,45,13,23,8,17,18,9,8,1,5,3,14,2,11,11,6,6,2,5,1,3,1,0,1,0,0,0
16,48,50,43,68,22,15,53,15,64,60,14,22,91,46,16,23,12,4,4,4,4,6,4,0,3,3,5,11,0,2,2,2,2,2,0,0,0,0,0,0,0,0,0
19,61,67,60,113,29,24,82,12,103,51,21,41,114,61,24,30,17,29,6,3,10,8,7,3,0,0,1,9,0,0,0,3,11,1,8,1,0,0,1,0,0,0,0
12,51,60,50,96,20,23,34,11,69,37,16,23,37,15,8,17,21,2,5,3,6,3,14,5,1,3,1,20,1,2,2,0,0,3,1,0,0,0,0,0,0,0,0
2,7,3,5,9,4,1,4,0,7,5,2,2,6,1,1,2,3,0,3,0,0,0,0,0,0,1,0,3,0,0,0,0,0,0,0,0,0,0,0,0,0,0,0
17,23,19,22,45,8,25,19,8,31,16,21,12,46,14,4,13,12,0,13,2,2,7,8,0,0,1,0,25,0,0,0,1,1,0,0,0,0,0,0,0,0,0,0
41,137,159,142,291,133,71,123,51,204,107,37,79,163,100,24,56,50,2,33,19,9,29,25,13,1,6,1,96,1,0,0,0,0,9,3,1,0,0,0,0,0,0,0
6,24,20,17,26,10,14,16,4,33,17,2,9,40,20,9,7,8,0,9,1,0,1,0,2,1,1,0,1,0,0,0,0,0,0,2,0,0,0,0,0,0,0,0
19,56,32,33,75,28,30,35,15,49,44,23,18,60,27,4,23,8,10,7,5,3,10,3,0,1,0,0,30,1,3,3,4,5,1,2,0,0,0,0,0,0,0,0
34,97,76,64,108,35,44,68,26,102,68,24,50,103,61,16,26,15,0,12,3,12,9,6,1,2,11,3,26,0,2,2,2,2,8,1,0,0,0,0,0,0,0,0
1,0,1,0,1,0,1,3,0,0,1,1,0,1,0,1,1,0,0,0,0,0,0,0,0,0,0,0,0,0,0,0,0,0,0,0,0,0,0,0,0,0,0,0
29,91,74,55,143,30,26,55,23,137,45,37,35,106,37,16,34,27,20,11,6,4,8,5,4,1,5,2,42,1,0,0,3,3,4,2,0,0,0,0,0,0,0,0
16,29,33,30,60,4,20,40,9,43,38,31,12,60,26,7,22,9,6,6,0,2,3,9,2,0,1,0,13,0,0,0,0,4,0,0,0,0,0,0,0,0,0,0
156,407,387,430,652,258,201,558,156,633,555,189,216,741,450,154,242,135,0,49,30,70,51,18,26,9,23,8,75,3,5,7,0,0,15,51,0,0,0,0,0,0,0,0
2,8,9,4,14,4,3,6,2,11,6,0,5,16,9,3,3,1,2,0,1,0,3,0,1,0,1,0,2,0,1,1,0,0,0,0,0,0,0,0,0,0,0,0
120,317,391,337,710,160,162,320,139,513,330,215,189,440,236,68,151,140,70,54,27,83,29,42,11,4,26,8,122,5,62,46,15,15,13,6,4,0,3,4,1,3,1,0
21,35,41,27,53,13,18,25,6,54,24,9,20,35,23,12,14,6,6,2,0,2,0,2,2,2,1,0,4,0,0,0,0,0,2,1,1,0,0,0,0,0,0,0
64,117,134,100,275,62,57,103,30,157,149,41,57,174,61,19,65,40,8,26,9,9,25,15,2,6,1,1,105,0,1,1,1,1,3,7,0,1,1,0,0,0,0,0
20,57,55,42,97,33,22,64,13,82,49,32,23,81,40,20,31,15,4,8,4,5,4,4,5,1,5,3,19,0,4,2,2,3,5,2,0,1,0,0,0,0,0,0
12,47,43,29,69,3,29,38,12,64,36,17,12,80,34,14,18,27,7,9,7,15,5,2,2,0,5,1,16,1,1,1,0,1,2,1,0,0,0,0,0,0,0,0
51,180,157,133,290,141,100,193,47,250,166,90,74,324,180,43,92,43,4,36,14,22,18,7,5,3,10,4,62,3,0,0,15,15,5,2,0,0,0,0,0,0,0,0
6,22,26,17,38,2,17,13,9,27,11,12,5,37,20,3,8,8,0,5,1,3,6,4,1,0,0,0,9,0,0,0,0,0,1,0,0,0,0,0,0,0,0,0
4,5,27,19,36,17,6,17,10,22,17,5,16,25,15,5,7,8,0,6,1,5,1,0,2,1,0,0,20,0,0,0,1,1,0,1,0,0,0,0,0,0,0,0
57,142,127,83,208,82,69,70,33,170,89,32,55,190,86,9,45,42,0,22,25,4,23,13,5,4,6,4,66,0,4,4,0,0,4,4,2,1,0,0,0,0,0,0
23,29,50,30,102,38,25,48,12,58,37,22,24,42,29,14,26,16,5,9,4,7,2,3,7,1,1,0,3,1,0,0,1,1,2,3,1,1,1,0,0,0,0,0
11,21,41,23,69,24,21,25,13,43,38,15,20,49,25,7,17,7,4,5,3,1,1,5,1,0,0,0,7,1,1,1,2,2,1,0,0,0,0,0,0,0,0,0
21,49,46,47,99,43,22,61,30,64,79,21,19,114,60,14,23,20,0,10,4,10,13,5,5,2,7,1,17,0,0,0,0,0,4,1,0,0,0,0,0,0,0,0
3,17,5,13,21,13,13,22,6,28,10,2,9,30,8,7,9,5,0,3,1,4,3,3,1,0,3,3,8,0,0,0,0,0,0,0,0,0,0,0,0,0,0,0
2,8,6,5,14,1,9,18,1,8,6,3,1,22,17,4,8,1,0,0,1,4,2,1,0,0,0,0,0,0,1,1,0,0,0,0,0,0,0,0,0,0,0,0
2,16,7,9,21,19,7,10,1,23,12,10,5,25,11,3,4,7,1,4,3,3,1,0,1,1,1,0,5,1,0,0,0,0,0,0,0,0,0,0,0,0,0,0
65,203,181,163,312,12,89,174,69,213,40,71,86,260,128,41,96,70,1,40,18,18,34,15,8,3,5,2,75,1,1,1,2,3,1,1,1,0,0,0,0,0,0,0
25,50,59,48,102,26,18,35,17,93,81,24,22,93,44,5,19,34,1,3,1,3,9,3,1,0,1,0,26,0,2,2,1,1,4,8,0,0,0,0,0,0,0,0
15,32,35,24,79,21,21,37,15,55,46,25,18,79,30,10,25,19,3,6,3,3,4,4,1,0,2,0,29,0,0,0,0,0,1,1,0,0,0,0,0,0,0,0
17,42,44,30,75,19,24,46,15,63,49,20,21,85,40,14,20,15,0,12,5,5,5,6,2,2,1,1,18,0,0,0,0,0,1,2,1,0,0,0,0,0,0,0
11,33,32,22,48,20,10,24,19,44,32,15,26,57,34,7,22,6,2,6,5,2,4,2,3,0,2,0,9,1,2,2,0,1,2,0,0,0,0,0,0,0,0,0
35,69,57,41,127,46,38,75,24,97,72,36,24,100,43,14,49,28,0,15,8,14,2,3,6,0,3,1,34,1,7,7,1,1,5,2,0,0,0,0,0,0,0,0
139,283,289,306,618,211,179,298,136,437,341,111,166,406,217,82,140,122,53,54,24,38,36,19,19,2,16,4,63,0,20,21,18,18,19,6,1,2,0,0,0,0,2,0
4,11,16,19,27,4,7,15,1,18,21,4,5,16,14,7,5,2,0,1,2,3,0,0,1,0,0,0,2,0,0,0,0,0,0,1,0,0,0,0,0,0,0,0
32,105,98,87,163,35,59,73,24,126,93,39,41,130,66,17,36,35,1,24,14,8,8,13,4,1,7,0,36,1,4,4,8,8,2,1,0,2,0,0,0,0,0,0
0,10,5,6,7,4,2,7,0,7,4,1,2,10,5,2,4,1,2,3,0,1,0,1,0,0,0,0,1,0,0,0,0,0,0,0,0,0,0,0,0,0,0,0
15,46,25,30,53,19,22,32,17,49,50,23,17,72,32,7,17,16,5,2,8,5,6,4,1,2,0,0,13,2,0,0,0,1,1,3,0,0,0,0,0,0,0,0
5,21,13,15,28,2,7,17,5,19,13,6,13,24,15,5,8,3,0,1,1,1,1,2,0,1,1,0,6,0,0,0,0,0,0,0,0,0,0,0,0,0,0,0
2,5,3,5,8,2,3,11,0,14,2,1,5,15,11,5,3,0,1,0,1,0,1,1,1,0,1,0,2,0,0,0,0,0,0,2,0,0,0,0,0,0,0,0
6,6,13,10,26,13,5,15,7,16,17,11,10,18,7,5,7,4,14,4,0,1,0,6,0,0,2,1,4,0,0,0,1,2,1,1,0,0,0,0,0,0,0,0
21,67,91,72,117,60,30,66,16,95,29,18,41,71,47,18,35,32,1,10,7,7,8,4,5,0,3,2,9,0,1,1,2,2,4,3,1,3,0,0,0,0,0,0
3,2,4,3,8,2,0,2,2,5,0,1,1,6,2,2,0,2,0,0,0,0,0,0,1,0,0,0,0,0,0,0,0,0,0,0,0,0,0,0,0,0,0,0
52,138,79,118,166,30,89,136,27,184,148,56,84,221,119,38,80,36,0,16,8,18,26,28,6,1,18,10,74,0,0,0,4,4,6,6,0,1,0,0,0,0,0,0
34,100,91,97,190,92,43,106,37,139,91,29,50,145,91,37,59,39,7,18,10,6,7,5,6,1,2,2,12,0,0,0,6,6,2,2,1,1,0,0,0,0,0,0
13,101,91,67,139,31,47,77,31,117,90,29,22,133,74,22,39,32,3,19,10,7,5,2,3,0,4,4,12,3,5,5,4,4,3,2,0,1,0,0,0,0,0,0
15,42,52,42,87,19,29,50,14,85,49,28,25,76,50,12,23,13,7,12,3,4,2,1,2,1,4,0,13,0,3,3,3,3,7,4,0,0,0,0,0,0,0,0
53,140,102,103,179,123,69,187,33,182,110,24,63,246,112,53,88,44,28,13,14,19,14,10,8,2,10,3,26,1,0,0,4,4,6,0,0,0,0,0,0,0,0,0
3,15,20,15,30,13,9,19,6,23,18,8,1,37,19,3,8,8,2,3,0,2,1,0,1,1,0,1,7,0,1,1,1,2,0,0,0,0,0,0,0,0,0,0
34,72,84,55,141,32,47,91,25,101,114,34,39,143,61,22,39,23,8,10,15,5,12,11,3,2,2,4,47,2,2,2,2,3,5,1,1,0,0,0,0,0,0,0
2,2,3,1,8,0,2,2,0,3,0,3,1,1,0,0,0,0,0,0,0,0,0,0,0,0,0,0,1,0,0,0,0,0,0,0,0,0,0,0,0,0,0,0
0,12,7,2,11,1,1,5,4,9,9,2,4,11,7,0,3,1,0,1,0,0,0,0,0,0,0,0,5,0,0,0,0,0,0,1,0,0,0,0,0,0,0,0
11,10,6,5,18,6,2,13,3,11,10,4,3,12,3,3,2,3,1,2,0,0,0,0,0,1,1,0,3,0,0,0,1,2,2,0,0,0,0,0,0,0,0,0
9,15,28,14,42,14,11,23,8,33,17,23,9,29,20,7,11,5,1,7,1,1,0,7,1,0,1,0,7,0,0,0,0,0,1,1,0,0,0,0,0,0,0,0
8,13,24,19,30,9,10,10,6,30,15,11,9,30,10,3,8,4,0,2,3,1,1,0,0,0,0,0,8,1,0,0,0,0,2,0,0,0,0,0,0,0,0,0
41,137,104,77,210,62,55,156,42,164,142,37,45,235,123,25,73,58,1,27,7,26,34,4,3,2,9,2,37,3,1,1,3,4,4,6,1,2,1,0,0,0,0,0
7,24,23,20,44,20,11,27,13,36,23,5,6,33,16,8,6,4,2,2,2,2,1,1,2,0,2,0,4,1,3,3,3,3,0,1,0,0,0,0,0,0,0,0
12,45,31,25,51,27,14,45,7,55,28,11,18,47,20,14,16,10,1,7,2,4,3,2,3,0,2,0,12,0,0,0,3,3,1,1,0,0,0,0,0,0,0,0
8,24,42,27,77,5,23,38,7,51,26,5,13,44,17,7,12,6,0,2,3,0,4,7,1,0,1,0,18,0,0,0,0,0,0,0,0,0,0,2,0,0,0,0
84,160,190,169,361,92,99,176,60,283,138,33,82,213,119,55,101,66,26,37,17,14,18,8,12,4,9,6,34,1,4,4,5,5,8,6,1,1,0,0,0,0,0,0
153,517,502,441,863,239,262,360,145,622,405,238,232,558,294,93,165,161,18,96,58,37,51,48,25,11,29,16,139,3,20,15,18,18,15,6,1,3,2,2,0,0,0,0
171,452,340,360,737,390,293,479,184,638,263,142,250,627,304,124,258,148,81,94,36,38,55,31,19,6,35,12,125,5,2,2,16,20,15,8,2,8,0,0,0,1,0,0
13,26,37,30,47,9,17,23,7,46,25,7,22,41,34,4,11,12,2,5,5,3,9,4,2,1,2,1,11,0,0,0,2,2,2,2,0,1,0,0,0,0,0,0
55,138,178,146,324,76,78,122,45,230,93,65,69,179,83,29,68,49,22,23,8,19,15,18,7,3,12,3,75,0,1,1,9,10,5,1,0,1,0,1,0,0,1,0
4,9,3,10,16,2,2,7,2,10,5,6,3,20,12,3,2,3,0,2,1,0,3,1,1,0,1,0,1,0,0,0,0,0,1,0,0,0,0,0,0,0,0,0
10,21,24,31,40,20,15,18,11,43,25,12,20,33,18,6,8,11,0,4,1,0,3,3,3,1,6,0,10,2,0,0,2,2,0,1,2,0,1,0,0,0,0,0
4,12,7,5,9,0,4,3,1,6,8,2,0,7,6,0,1,4,0,0,1,0,1,1,0,0,0,1,3,0,0,0,0,0,0,0,0,0,0,0,0,0,0,0
19,44,48,45,80,0,36,46,15,50,30,21,33,48,24,9,31,26,1,12,2,4,3,9,0,0,5,0,19,0,1,1,1,1,6,2,0,1,0,0,0,0,0,0
36,110,101,101,163,52,53,98,36,158,113,42,52,168,81,21,65,41,3,19,12,10,5,13,6,1,11,4,46,2,6,6,2,3,2,2,0,1,0,0,1,0,0,0
6,9,13,5,24,5,9,18,6,18,5,0,6,21,15,5,10,3,2,3,0,1,1,1,0,0,0,0,1,0,0,0,1,1,1,0,0,0,0,0,0,0,0,0
21,60,69,70,135,57,26,104,22,119,56,29,42,120,59,29,36,23,19,14,5,4,5,11,7,0,10,3,16,0,5,3,12,12,1,4,2,0,0,0,0,0,0,0
122,539,380,327,650,233,267,367,221,670,412,125,205,909,495,104,214,176,13,129,62,36,59,52,16,2,40,11,149,2,1,1,10,2,13,8,1,2,0,1,0,0,0,0
2,7,4,1,9,4,5,4,3,3,6,5,2,4,5,0,4,0,0,3,1,1,1,0,0,0,0,0,2,0,0,0,0,0,0,1,0,0,0,0,0,0,0,0
98,273,270,192,473,228,178,276,83,339,174,82,101,477,198,82,95,78,10,31,33,27,28,38,8,4,19,3,114,1,7,8,3,3,8,4,2,3,0,6,0,0,0,0
2,10,10,16,15,3,10,13,6,14,16,7,8,23,13,1,7,5,0,1,0,2,2,1,0,1,1,1,4,0,0,0,0,0,1,0,0,0,0,0,0,0,0,0
17,40,32,33,66,30,26,34,15,51,30,18,12,58,33,5,29,15,1,2,5,4,1,2,1,0,1,0,7,1,1,2,1,1,1,1,0,0,0,0,0,0,0,0
26,145,113,75,157,51,55,121,32,126,166,33,46,237,120,36,50,54,19,25,6,16,18,5,6,2,8,4,41,0,0,0,4,5,9,4,0,1,0,0,0,0,0,0
2,14,15,10,24,11,5,8,4,15,11,8,4,28,9,6,3,7,2,1,2,2,2,0,1,1,1,0,9,0,0,0,2,2,0,0,0,1,0,0,0,0,0,0
47,121,114,101,175,69,70,133,38,194,126,50,44,207,92,32,71,40,17,22,12,18,14,5,3,1,6,0,45,2,4,4,9,9,3,5,2,0,0,0,0,0,0,0
19,25,28,35,49,30,19,25,14,38,32,23,14,50,18,7,11,9,4,7,2,5,2,0,4,0,1,2,21,0,2,2,0,0,2,3,0,0,0,0,0,0,0,0
70,164,90,89,167,69,67,114,46,176,175,60,56,262,116,25,64,38,5,29,16,8,15,9,5,3,12,3,63,1,0,0,1,4,8,1,0,1,1,0,0,0,0,0
37,72,60,47,114,12,33,44,19,97,73,17,30,94,52,11,26,28,1,14,6,5,6,2,2,1,2,2,24,0,3,3,1,1,2,0,0,1,0,1,0,0,0,0
32,46,59,61,103,59,37,41,9,78,45,18,31,82,38,11,28,18,9,10,8,3,5,11,6,0,6,2,21,1,1,1,3,4,4,0,1,0,0,0,0,0,0,0
41,169,155,145,252,90,86,143,59,236,88,66,88,192,94,39,73,40,2,23,12,14,10,8,10,3,13,7,54,2,6,4,5,8,8,1,1,0,0,0,1,0,0,0
8,21,30,21,47,15,16,9,3,44,19,13,9,21,15,1,6,7,1,8,0,0,0,6,1,0,5,2,9,0,2,2,0,0,3,3,0,1,0,0,0,0,0,0
34,73,101,96,185,26,54,95,32,137,88,52,54,138,89,27,43,36,12,17,8,11,11,5,9,2,4,4,26,1,0,0,6,7,0,3,0,0,1,0,0,0,0,0
94,253,320,301,455,229,158,280,125,499,161,129,170,281,184,100,153,91,16,59,15,26,37,25,23,4,4,10,42,1,0,0,10,10,19,9,1,8,0,0,0,0,1,0
2,7,9,7,11,3,5,7,3,14,12,2,6,27,12,0,5,2,0,2,1,0,1,2,0,0,0,0,11,0,0,0,0,0,0,0,0,0,0,0,0,0,0,0
1,6,8,1,6,4,1,6,0,5,3,0,2,4,2,1,2,0,1,1,0,0,0,1,0,0,0,0,1,0,0,0,0,1,0,0,0,0,0,0,0,0,0,0
26,53,46,55,80,51,30,60,19,66,52,22,19,70,40,8,31,14,8,8,5,4,4,3,3,0,2,2,24,0,3,3,2,3,2,2,0,1,0,0,0,0,0,0
28,69,53,63,99,9,37,48,20,103,46,12,30,98,49,10,22,23,2,6,7,2,9,4,3,1,5,4,17,0,5,5,1,1,0,3,0,1,0,0,0,0,0,0
49,113,115,92,204,79,64,122,43,171,162,58,59,228,90,28,51,45,20,25,13,9,20,15,12,3,4,3,60,4,0,0,2,6,4,3,1,1,0,1,0,0,0,0
12,18,23,27,52,11,11,20,11,59,23,19,9,40,20,3,14,14,0,8,4,0,2,1,2,1,4,0,2,0,0,0,0,0,1,0,0,0,0,0,0,0,0,0
2,8,10,11,21,11,6,7,2,11,11,7,2,12,8,2,2,2,2,3,0,1,1,1,0,0,0,1,4,0,0,0,0,1,0,2,0,0,0,0,0,0,0,0
160,346,359,380,791,228,237,395,130,501,398,421,163,543,348,103,213,172,118,87,28,30,31,45,18,5,16,8,70,3,32,30,47,56,3,14,5,0,6,0,1,1,0,0
5,24,25,18,49,11,14,14,3,25,16,6,10,23,12,5,7,4,6,2,3,3,2,0,1,0,1,0,16,0,2,2,3,3,2,1,0,0,0,0,0,0,0,0
10,20,21,22,36,17,9,16,11,33,15,11,10,24,13,3,11,10,0,4,1,1,2,3,0,0,0,0,13,1,1,1,1,1,0,0,0,0,0,0,0,0,0,0
132,365,422,361,785,311,256,571,163,596,224,158,202,714,403,157,257,141,64,82,60,44,66,40,19,3,24,9,84,3,13,13,8,8,12,9,4,1,0,1,0,0,0,0
48,222,178,202,294,123,91,174,48,272,150,86,67,212,107,55,91,75,33,31,10,20,30,15,8,4,9,5,38,1,0,0,21,22,3,10,0,4,1,0,0,0,0,0
5,14,15,14,25,5,10,14,3,23,12,9,6,21,10,8,3,8,5,3,3,1,1,2,3,1,0,0,1,0,1,1,1,2,2,2,0,0,0,0,0,0,0,0
67,179,140,138,239,63,68,139,61,219,147,67,82,211,143,24,82,38,23,20,10,7,24,8,3,3,5,2,27,0,3,4,10,11,9,5,1,0,0,0,0,0,0,0
86,230,181,148,366,135,90,271,85,284,229,130,83,371,165,80,142,84,32,24,35,25,32,17,10,4,12,6,32,5,2,2,6,25,14,3,0,2,0,1,0,0,0,0
10,19,18,26,38,0,14,20,3,42,28,4,14,33,19,6,9,10,1,2,2,3,2,3,0,0,0,0,4,0,0,1,1,1,0,2,0,1,0,0,0,0,0,0
0,0,2,1,6,0,0,4,1,2,2,0,1,3,2,1,3,0,2,1,0,0,1,0,0,0,0,0,0,0,0,0,0,0,0,0,0,0,0,0,0,1,0,0
8,22,25,21,34,22,15,28,8,38,23,6,20,45,17,14,11,10,1,4,1,8,6,2,0,4,0,0,6,1,5,5,1,1,2,3,1,0,1,0,0,0,0,0
15,31,40,42,71,15,22,26,6,44,30,6,18,35,22,8,16,12,1,9,1,0,4,2,5,0,3,1,10,1,0,0,1,1,1,2,0,0,0,0,0,0,0,0
32,97,106,120,192,36,34,76,29,148,102,20,45,104,97,20,58,39,0,27,3,13,10,5,5,0,2,1,14,0,9,7,0,0,0,1,0,0,0,0,0,0,0,0
37,149,158,142,258,32,98,120,84,253,100,45,70,238,112,13,89,59,6,35,7,17,23,19,10,1,10,9,90,1,1,1,3,3,4,2,0,2,0,0,1,0,0,0
16,39,43,32,73,13,18,23,6,51,73,20,18,53,32,6,7,11,10,6,4,2,11,7,1,0,3,2,20,0,1,1,3,4,1,2,0,0,0,0,0,0,0,0
162,360,411,388,731,198,185,371,123,655,372,165,273,568,287,147,192,163,52,88,41,39,53,40,29,4,31,9,136,2,21,23,21,23,29,12,8,1,1,0,0,0,0,0
63,187,161,152,321,93,96,199,62,295,159,77,101,279,160,35,109,58,24,28,15,13,32,21,5,4,11,2,70,1,8,6,7,8,2,5,0,2,2,0,0,0,0,0
22,54,31,36,63,28,29,46,13,61,35,18,12,73,37,10,28,13,0,9,4,1,6,1,0,0,3,2,25,0,0,0,0,0,2,0,0,0,0,0,0,0,0,0
158,420,430,436,834,310,263,467,124,637,366,151,279,471,279,134,234,137,7,75,39,43,46,23,25,3,25,12,114,5,2,2,4,4,22,21,3,2,0,0,0,0,0,0
14,21,22,14,39,19,16,29,7,39,21,1,7,52,19,9,9,9,2,1,1,2,5,2,2,0,3,0,10,0,0,0,0,0,0,1,0,0,0,0,0,0,0,0
11,31,19,14,29,6,13,31,9,41,25,8,13,63,36,6,20,3,0,6,0,1,7,0,0,0,1,1,6,0,1,1,0,0,2,0,0,0,0,0,0,0,0,0
52,152,159,107,259,68,79,158,62,212,131,69,69,298,157,34,99,72,45,36,14,23,19,5,9,0,10,5,73,1,0,0,3,16,5,3,1,1,0,0,0,0,0,0
1,2,5,0,8,0,3,3,0,4,9,4,0,8,5,1,0,0,0,1,0,1,1,0,0,0,0,0,1,0,0,0,0,0,0,0,0,0,0,0,0,0,0,0
24,42,47,25,83,19,24,50,13,76,32,10,22,62,25,20,21,14,1,15,5,4,4,4,1,1,1,0,13,0,1,1,0,0,2,2,0,0,0,0,0,0,0,0
20,28,48,26,64,8,19,33,12,67,20,13,18,68,24,9,24,12,7,7,2,3,11,3,0,0,2,0,30,0,0,0,1,1,1,1,0,2,0,0,0,0,0,0
14,37,40,24,67,23,17,30,7,56,35,19,22,60,30,10,15,20,2,11,4,9,3,4,2,1,1,1,20,1,0,0,1,1,0,1,0,1,1,1,0,0,0,0
50,121,135,108,240,72,60,94,51,179,119,80,72,183,100,28,47,46,2,36,16,13,20,11,5,4,6,3,50,4,2,2,0,0,4,6,0,2,1,0,0,0,0,0
85,405,307,268,499,226,168,324,133,448,221,119,180,418,243,121,134,94,60,47,31,27,30,34,17,5,24,3,83,1,14,15,22,32,18,16,2,0,0,3,0,1,0,0
102,579,377,336,765,479,273,504,196,608,402,236,196,625,334,94,256,135,95,67,39,53,48,17,27,3,24,12,115,18,39,39,63,69,17,8,15,1,2,1,0,0,1,0
9,19,19,15,34,10,10,16,7,21,22,4,8,31,15,7,5,7,0,8,2,2,2,0,1,0,1,0,2,0,0,0,0,0,0,1,0,0,0,0,0,0,0,0
14,38,47,47,85,37,33,56,16,53,30,11,19,57,26,16,21,16,8,13,5,3,6,3,1,1,3,0,7,0,3,1,2,4,2,1,0,0,0,1,0,0,0,0
6,28,16,25,26,14,8,22,9,21,18,9,10,40,17,7,14,5,0,4,1,0,8,5,0,0,0,0,5,1,3,4,0,0,1,0,0,0,0,0,0,0,0,0
51,141,137,159,224,48,75,160,51,224,145,46,100,220,131,47,78,46,3,35,6,15,15,9,8,3,4,7,42,0,2,2,1,1,2,6,0,1,0,0,0,0,0,0
32,87,54,48,137,60,46,98,23,100,86,37,41,139,73,20,40,12,6,10,8,16,13,9,1,0,3,1,38,0,2,2,4,4,4,2,1,0,2,0,0,0,0,0
8,51,41,41,56,12,14,45,9,57,81,20,24,112,60,13,19,19,1,9,3,16,6,2,7,0,1,2,27,2,2,2,0,0,1,1,0,0,0,0,0,0,0,0
5,23,28,27,51,4,14,19,16,37,21,7,7,38,23,2,11,15,3,3,0,0,1,0,3,1,0,0,9,0,5,5,3,3,0,2,0,0,0,0,0,0,0,0
139,373,353,332,657,245,207,378,135,497,290,84,197,533,270,109,163,185,38,75,40,42,43,17,31,4,16,9,39,3,28,28,12,12,6,20,2,2,0,0,0,0,1,6
183,358,385,281,711,161,182,425,172,530,335,193,207,686,305,105,207,110,19,84,40,47,38,51,18,7,19,8,190,6,19,17,4,7,7,10,0,0,0,0,0,0,0,0
181,542,459,510,1007,5,329,425,156,585,14,86,292,470,481,110,202,226,12,167,47,42,75,61,21,5,29,17,146,0,7,7,6,6,20,13,0,3,1,0,0,0,0,0
8,34,37,32,73,17,20,27,17,56,20,11,15,42,15,11,16,10,1,12,8,4,4,4,0,0,2,4,18,0,0,0,1,1,3,0,0,0,0,0,0,0,0,0
188,323,408,349,775,231,205,463,218,689,408,160,276,663,351,69,328,116,47,71,63,70,58,47,14,2,25,12,179,1,7,5,15,23,13,10,2,2,2,0,0,0,0,0
96,245,285,220,502,183,106,226,76,394,204,71,139,402,235,67,108,81,43,45,15,32,26,19,15,4,15,11,87,1,14,16,16,17,13,12,3,0,0,0,0,0,0,0
1,10,11,11,18,3,7,9,3,15,6,7,5,9,6,5,7,5,0,2,2,2,0,0,0,0,0,1,1,0,1,1,0,0,0,1,0,0,0,0,0,0,0,0
4,24,16,22,40,0,13,24,7,23,21,16,5,29,13,5,10,11,2,2,1,0,4,1,1,0,0,0,7,0,0,0,1,0,0,0,0,0,0,0,0,0,0,0
23,57,48,61,98,23,32,51,17,67,68,24,34,82,38,15,24,22,8,7,3,2,5,3,5,1,4,3,10,0,1,1,1,6,1,1,0,1,0,0,0,0,0,0
3,35,25,13,37,20,10,18,9,33,24,6,15,38,27,5,11,5,1,9,3,1,1,9,1,1,2,0,10,0,0,0,0,0,2,1,0,0,0,0,0,0,0,0
31,93,137,118,214,112,57,88,40,153,89,23,94,142,86,28,60,47,8,24,12,11,18,18,9,3,9,3,34,1,3,4,0,0,2,4,2,0,0,0,0,0,0,0
141,528,335,354,650,201,290,516,111,561,420,188,196,780,454,156,279,131,51,52,30,52,34,16,19,5,55,12,99,3,10,10,5,47,13,7,0,3,2,0,0,0,0,0
1,4,6,1,9,0,4,5,2,6,1,0,3,10,3,0,2,0,0,0,1,0,1,0,0,0,1,0,4,0,0,0,0,0,0,0,0,0,0,0,0,0,0,0
9,31,31,25,59,20,19,16,14,40,19,14,14,19,11,4,11,10,3,10,2,2,3,3,1,0,0,0,9,0,0,0,0,0,0,1,0,0,0,0,0,0,0,0
0,2,0,0,2,1,0,2,0,3,1,0,0,5,1,0,2,0,0,0,0,0,1,0,0,0,1,0,1,0,0,0,0,0,0,0,0,0,0,0,0,0,0,0
59,197,176,140,261,97,78,141,58,239,97,91,75,218,139,25,86,47,7,29,9,10,10,21,6,0,15,7,48,1,4,4,12,10,8,3,0,1,0,0,0,0,0,0
30,85,104,89,182,85,59,95,32,165,79,19,97,149,97,28,53,56,3,20,11,13,2,6,12,1,5,1,22,1,0,0,0,0,4,8,3,0,1,0,0,0,0,0
7,13,28,15,51,8,7,15,5,23,21,10,11,25,9,2,11,1,0,5,3,3,1,2,0,2,0,0,19,0,1,1,1,1,1,0,0,0,0,0,0,0,0,0
119,473,400,378,739,168,244,456,175,683,395,197,223,693,409,96,256,142,19,79,46,68,62,25,26,11,27,13,159,1,7,7,6,19,8,13,0,1,1,0,1,0,0,0
10,9,16,8,32,0,9,17,4,15,3,5,5,23,16,7,3,3,0,2,1,0,0,2,0,0,0,0,1,0,1,1,0,0,3,1,0,0,0,0,0,0,0,0
3,7,12,13,17,7,7,10,3,12,11,7,7,15,11,1,3,2,0,5,0,2,1,0,1,0,0,0,1,0,0,0,0,0,0,0,0,0,0,0,0,0,0,0
2,16,16,13,19,8,5,17,7,24,21,9,6,26,13,7,6,14,2,4,1,3,2,1,2,0,2,2,2,0,0,0,0,0,0,3,0,0,0,0,0,0,0,0
0,3,1,5,4,4,3,4,2,7,3,2,1,6,3,2,1,0,0,2,0,0,1,0,0,0,0,0,2,1,0,0,0,0,0,0,0,0,0,0,0,0,0,0
46,61,100,97,178,28,60,134,25,166,157,44,53,202,100,27,63,42,10,26,9,23,14,1,8,1,5,0,20,0,5,5,10,10,6,3,2,0,0,0,0,0,0,0
18,44,61,39,90,35,27,30,23,100,13,21,32,33,15,7,23,22,2,13,6,4,7,2,5,0,6,1,11,0,1,1,3,3,0,2,1,2,0,0,0,0,0,0
4,22,6,14,14,3,4,8,1,11,11,0,8,15,6,1,5,4,0,1,0,0,1,1,0,1,0,0,6,1,0,0,0,0,0,0,0,0,0,0,0,0,0,0
4,2,6,3,9,1,1,1,2,6,8,2,4,4,7,0,2,2,0,3,0,0,0,0,0,0,0,0,1,1,0,0,0,0,0,1,0,0,0,0,0,0,0,0
28,88,65,69,113,32,47,81,28,112,81,42,23,156,68,8,60,36,5,11,4,8,4,12,4,1,6,1,24,2,4,4,0,0,1,1,0,1,0,0,0,0,0,0
129,451,411,296,700,256,331,593,163,616,322,139,226,785,366,132,298,138,13,52,55,57,38,27,26,4,29,9,146,2,24,24,8,11,16,18,4,2,4,0,0,0,0,0
58,152,153,124,279,106,79,165,78,318,142,47,95,293,126,39,98,62,20,47,19,24,21,20,8,1,12,3,60,3,2,2,10,10,5,10,2,4,1,0,0,0,0,0
173,405,332,258,596,116,261,353,110,522,338,132,176,735,320,109,176,168,13,75,29,32,51,39,20,6,21,11,144,14,6,6,24,25,14,9,0,1,0,0,0,0,0,0
5,19,9,6,26,1,12,11,6,19,10,10,1,19,6,1,6,6,2,4,1,0,1,0,0,0,0,1,7,0,0,0,0,1,1,1,0,0,0,0,0,0,0,0
54,132,136,134,251,63,72,125,46,206,158,83,78,185,97,40,65,31,7,18,11,15,7,8,6,4,7,4,37,1,2,2,8,8,4,2,4,0,2,1,0,0,0,0
51,226,195,171,328,126,97,223,94,317,182,77,84,316,149,49,128,68,21,26,29,22,17,12,9,1,9,8,40,1,3,3,6,11,9,2,1,0,0,0,0,0,0,0
69,160,153,135,295,104,91,155,55,256,163,85,91,242,109,34,75,46,15,33,20,22,16,17,7,3,9,5,53,1,2,4,1,3,4,2,0,2,4,0,0,0,0,0
23,73,69,53,120,62,28,52,23,127,54,32,15,110,54,15,35,17,12,6,9,11,4,1,3,1,4,4,11,0,0,0,1,1,6,1,0,0,0,0,0,0,0,0
124,363,312,270,542,207,192,358,140,511,306,105,205,503,273,77,206,133,43,58,53,48,41,26,11,3,11,7,109,5,11,11,4,8,20,19,2,6,0,0,0,0,1,0
1,3,1,2,2,0,1,2,0,2,2,1,1,5,1,1,0,0,0,1,0,0,0,0,1,0,0,0,2,0,0,0,0,0,0,0,0,0,0,0,0,0,0,0
15,42,47,23,79,18,30,43,11,80,58,26,10,101,41,16,14,18,1,8,8,8,9,2,1,1,2,0,28,1,0,0,0,0,2,4,0,1,0,0,0,0,0,0
8,12,19,19,31,11,8,8,8,24,15,10,15,16,13,0,6,2,1,9,3,1,3,6,3,0,1,3,10,1,5,1,2,2,1,0,0,0,0,0,0,0,0,0
45,107,104,99,186,78,51,80,46,160,81,55,58,146,59,23,49,47,12,25,8,4,12,17,4,2,6,0,37,0,0,0,10,8,3,4,2,1,0,1,0,0,0,0
53,179,95,112,181,9,73,100,48,171,94,91,49,225,115,12,67,43,9,23,12,14,19,9,4,1,13,3,87,0,1,1,4,4,7,4,0,0,1,0,0,0,0,0
3,12,23,20,31,11,11,13,2,24,11,3,21,8,11,8,4,7,4,1,0,1,5,0,0,0,1,1,3,0,0,0,2,2,1,2,0,1,1,0,0,0,0,0
174,471,396,331,646,132,246,378,207,649,391,138,171,856,332,114,185,194,18,81,44,59,74,28,20,8,33,24,252,3,6,21,11,11,27,16,0,2,0,0,0,0,0,0
51,99,77,62,146,72,70,93,55,156,58,35,36,188,44,21,48,19,0,21,11,13,15,9,4,0,6,3,77,0,3,3,1,1,3,1,1,1,0,0,0,0,0,0
5,9,14,4,18,3,5,14,3,13,12,3,4,21,16,2,10,4,2,1,0,5,2,2,0,0,0,0,3,0,0,0,1,0,2,0,0,1,0,0,0,0,0,0
13,39,27,27,71,4,12,31,11,47,31,22,14,50,31,7,15,11,3,11,2,4,3,3,1,2,4,1,13,0,0,0,1,0,0,1,0,0,0,0,0,0,0,0
2,4,9,5,16,3,3,11,2,8,14,7,2,18,7,3,3,3,0,1,2,0,1,0,0,0,1,0,1,0,0,0,2,2,0,0,0,0,0,0,0,0,0,0
1,9,9,13,15,0,3,13,2,13,9,2,9,16,11,6,4,5,0,0,1,1,0,0,1,1,1,0,0,0,0,0,0,0,1,5,0,0,0,0,0,0,0,0
34,106,59,53,137,52,57,61,35,117,45,47,44,102,47,12,32,22,14,20,8,2,8,6,5,2,7,0,34,2,4,4,5,5,6,0,0,1,0,0,0,0,0,0
13,68,70,65,101,37,27,51,14,68,73,51,20,78,59,12,31,22,5,15,4,4,5,7,1,1,4,3,18,3,0,0,3,3,1,3,0,1,1,0,0,0,0,0
14,65,61,67,108,49,34,64,13,88,62,18,40,86,51,23,24,27,10,11,8,3,6,8,3,1,2,1,12,1,3,1,0,0,4,5,0,0,0,0,0,0,0,0
1,3,6,10,8,0,4,6,1,4,7,4,8,2,4,1,0,0,0,1,0,0,1,0,0,1,0,0,3,0,1,1,0,0,0,2,0,0,0,0,0,0,0,0
23,74,98,74,154,49,55,71,24,134,69,20,58,94,49,24,30,26,6,12,6,13,16,9,12,3,2,1,21,1,2,2,4,4,1,3,0,1,0,0,0,0,0,0
1,0,4,1,8,1,0,3,1,5,8,2,2,6,3,1,1,1,1,0,0,0,1,0,0,0,0,0,1,0,0,0,0,0,1,0,0,0,0,0,0,0,0,0
13,35,22,33,48,0,18,13,11,41,20,21,19,52,28,3,10,10,1,6,2,3,2,5,3,0,1,0,23,0,0,0,1,0,0,0,0,1,0,0,0,0,0,0
5,18,12,8,19,5,4,10,6,10,16,3,5,8,5,2,6,4,0,4,3,0,1,0,0,0,1,2,3,0,0,0,0,0,0,1,0,0,1,0,0,0,0,0
212,389,431,377,750,275,270,392,161,636,406,229,244,599,279,122,200,150,9,96,37,39,26,46,36,2,39,7,174,2,6,6,7,7,18,16,3,0,0,1,0,0,0,0
15,18,23,35,45,14,25,29,15,35,23,9,13,57,19,5,21,7,1,10,1,5,5,2,1,2,1,0,21,0,0,0,0,0,2,2,0,0,0,0,0,0,0,0
57,132,146,167,278,91,99,80,43,221,145,52,96,224,135,24,50,56,11,33,17,12,8,47,6,1,12,7,31,1,6,8,19,20,4,3,0,0,0,0,0,0,0,0
169,424,450,369,751,246,202,498,163,684,371,141,255,646,387,155,247,138,9,60,31,43,54,12,20,2,20,7,96,0,11,9,33,33,8,16,1,3,1,0,0,0,0,0
23,53,38,50,94,13,31,39,13,42,64,18,25,54,53,10,20,16,0,12,7,4,3,4,2,0,5,3,7,0,1,1,0,0,1,2,0,1,0,1,0,0,0,0
29,42,55,49,103,13,26,134,24,75,104,24,48,100,42,52,57,19,1,7,7,6,8,1,3,0,9,2,2,0,0,0,2,2,2,14,0,0,0,0,0,0,0,0
4,29,9,3,18,8,5,17,3,20,10,6,2,21,6,5,7,2,0,2,1,1,1,5,0,0,0,0,6,0,0,0,0,0,0,0,0,0,0,0,0,0,0,0
49,202,260,192,377,45,85,197,52,253,314,65,101,378,221,89,93,98,29,66,10,25,16,25,10,5,12,6,60,5,0,0,8,4,7,7,0,1,0,0,1,0,1,0
27,98,97,80,145,45,52,120,36,143,74,26,60,143,78,36,59,35,3,12,7,12,8,13,2,2,7,1,10,0,1,1,4,4,5,8,0,0,0,0,0,0,0,0
44,108,121,87,178,62,59,88,33,144,144,64,61,168,93,10,58,45,15,19,8,21,18,11,9,3,3,1,51,1,5,5,4,3,2,2,0,1,0,0,0,0,0,0
84,160,151,153,336,139,76,182,51,255,169,82,114,223,143,48,101,45,21,31,8,10,8,6,8,7,3,7,31,1,8,9,15,15,3,6,4,1,1,0,0,0,0,0
20,68,61,57,118,28,46,55,26,114,41,14,25,107,52,12,27,11,1,10,9,2,7,6,2,0,1,2,32,0,0,0,3,3,1,1,0,0,0,0,0,0,0,0
9,56,58,30,85,69,44,62,24,49,31,35,21,87,48,12,32,16,2,10,8,5,11,5,0,0,4,2,20,0,2,2,1,1,1,1,0,0,1,0,0,0,0,0
8,17,14,5,31,10,3,11,2,21,17,7,4,33,18,0,6,9,0,1,1,1,4,5,1,0,1,0,6,0,0,0,0,0,0,0,0,0,0,0,0,0,0,0
11,15,13,8,20,1,11,11,5,22,6,3,5,21,12,2,8,7,0,4,1,0,1,0,1,1,0,0,3,0,0,0,0,0,0,0,0,0,0,0,0,0,0,0
85,157,160,145,259,90,67,192,58,281,187,45,119,283,128,44,94,70,30,30,16,25,17,12,10,1,9,6,31,1,2,3,3,4,15,4,0,2,1,0,0,0,0,1
6,8,10,10,16,4,4,9,4,17,10,6,7,9,3,2,3,4,0,0,1,1,0,1,1,0,2,0,1,0,0,0,0,0,2,0,0,0,0,0,0,0,0,0
168,341,418,314,680,220,226,267,117,491,296,125,181,506,259,69,149,112,39,44,28,31,39,28,17,10,30,15,148,0,2,0,11,31,19,8,1,2,1,0,0,0,0,0
129,328,230,229,444,119,194,238,94,318,441,174,130,493,242,53,134,112,13,42,26,24,30,38,6,2,16,7,123,8,6,6,6,6,4,8,0,1,0,1,0,0,0,0
122,292,252,222,456,113,186,365,99,381,299,103,170,557,267,84,179,97,6,51,21,66,41,7,12,2,18,8,111,4,8,8,16,16,11,4,0,0,0,0,0,0,0,0
49,142,98,107,189,118,52,95,27,122,87,38,74,165,81,11,53,24,15,26,6,7,17,15,7,1,3,2,63,1,3,3,5,6,7,4,2,1,0,0,0,0,0,0
45,117,169,120,284,103,74,134,42,213,140,54,56,191,60,29,69,44,18,29,10,12,19,22,3,1,7,4,71,0,3,1,1,1,7,8,0,2,1,2,0,0,0,0
10,14,27,25,56,22,20,28,13,41,17,12,11,54,31,5,13,8,1,6,0,2,6,1,5,0,2,0,14,0,1,1,1,1,1,0,0,1,0,0,0,0,0,0
12,48,49,35,69,22,19,18,16,55,35,27,13,32,21,0,12,11,15,11,3,1,1,2,1,1,2,1,10,1,2,2,2,2,1,0,0,0,0,0,0,0,0,0
5,8,6,14,17,3,1,7,4,16,5,1,3,5,2,1,5,3,0,4,1,0,3,1,0,0,1,0,2,0,0,0,0,0,0,0,0,1,0,0,0,0,0,0
5,11,23,16,36,0,8,10,8,29,0,0,4,15,11,1,5,4,2,2,0,3,2,0,1,0,1,0,5,0,0,0,1,1,0,0,0,0,0,0,0,0,0,0
32,63,64,51,125,36,43,38,17,97,46,27,35,82,37,12,20,20,6,21,5,3,6,18,4,2,5,2,41,0,2,2,4,4,6,1,0,0,0,0,0,0,0,0
22,74,76,64,113,12,41,98,24,85,80,28,39,102,62,30,42,25,0,22,4,7,6,4,4,1,7,1,14,1,5,5,0,0,3,1,0,2,0,0,0,0,0,0
3,17,21,12,40,12,16,18,7,20,13,3,6,26,15,5,10,8,2,0,0,0,2,0,0,0,3,1,2,1,3,3,1,1,0,0,0,0,0,0,0,0,0,0
140,354,353,323,559,163,277,350,161,445,235,111,186,559,251,71,227,136,2,93,65,21,53,17,13,7,20,6,158,5,0,0,4,4,9,8,0,0,1,0,0,0,0,0
2,16,6,10,13,5,4,10,1,14,5,4,5,14,4,1,7,3,0,0,0,0,0,1,0,0,0,1,1,1,0,0,0,0,1,0,0,0,0,0,0,0,0,0
18,41,29,29,51,11,32,22,10,40,35,25,17,67,41,5,15,18,3,12,2,3,2,4,1,0,0,1,15,1,0,0,2,4,2,0,0,1,0,0,0,0,0,0
8,20,8,11,26,15,4,33,10,31,22,2,8,51,19,9,12,13,0,3,1,7,0,1,0,0,1,0,7,0,0,0,0,0,0,1,0,0,0,0,0,0,0,0
14,32,35,33,64,2,15,34,5,54,45,5,14,51,26,12,10,19,1,4,2,3,9,4,6,0,1,1,9,0,1,1,0,0,0,5,0,0,0,0,0,0,0,0
40,121,125,107,216,95,57,96,45,186,50,54,46,166,60,18,58,26,6,26,17,16,4,7,8,3,0,2,94,1,6,6,6,6,4,1,1,1,0,0,0,0,0,0
130,256,319,215,529,164,168,273,86,421,203,75,143,409,184,80,143,90,18,64,31,31,48,20,15,10,20,7,119,2,10,11,3,3,10,15,2,4,0,0,0,0,1,0
5,5,2,1,5,2,3,0,0,5,3,0,4,10,3,0,0,5,0,2,0,0,0,1,0,0,0,0,1,0,0,0,0,0,1,0,0,0,0,0,0,0,0,0
6,18,16,20,32,12,12,24,3,17,29,9,11,33,14,8,5,9,2,3,4,3,2,0,0,0,1,1,4,1,0,2,4,4,1,1,0,1,0,0,0,0,0,0
29,60,70,35,98,33,40,49,22,72,58,21,27,89,42,13,27,17,1,10,8,4,2,12,3,1,5,1,30,1,1,1,1,1,3,0,0,0,0,2,0,0,0,0
91,277,234,175,408,112,112,208,118,382,247,103,121,451,192,52,111,88,28,42,23,29,35,30,13,2,19,11,154,3,21,7,33,33,14,7,6,2,0,1,1,0,0,0
6,11,4,2,8,4,4,8,1,14,7,3,0,14,6,4,1,5,0,1,2,1,2,2,1,0,0,0,1,0,0,0,0,0,1,0,0,0,0,0,0,0,0,0
3,8,14,10,23,4,6,16,2,18,7,0,3,11,3,3,8,3,0,1,1,3,0,1,1,0,0,0,5,0,0,0,0,0,0,0,0,0,0,0,1,0,0,0
52,134,114,119,227,28,124,157,31,192,91,56,75,221,91,48,73,41,2,40,16,8,20,12,14,2,9,1,72,3,0,0,0,0,5,7,2,1,0,1,0,0,0,0
125,224,266,267,531,240,155,262,85,441,239,78,193,386,218,77,127,72,59,78,20,34,27,32,13,2,15,4,122,3,4,4,29,44,7,21,4,1,0,0,1,0,0,0
195,405,465,273,858,305,207,538,169,586,476,199,200,667,350,126,274,173,43,59,32,60,47,25,21,4,41,6,79,9,1,1,9,10,12,16,2,2,1,0,0,0,0,0
15,30,23,25,53,11,10,28,6,35,46,21,9,46,28,5,16,9,2,10,4,3,5,5,0,0,1,0,15,0,1,1,0,0,0,2,1,0,0,1,0,0,0,0
1,2,0,0,2,1,1,3,0,0,3,1,1,1,0,0,2,0,0,0,0,0,0,0,0,0,0,0,0,1,0,0,0,0,0,0,0,0,0,0,0,0,0,0
38,131,124,100,210,91,39,139,46,147,165,78,61,204,97,37,70,36,2,26,18,20,13,11,7,0,6,3,39,2,2,2,1,1,4,6,0,0,0,0,0,0,0,0
17,63,54,54,93,45,23,33,13,73,58,51,24,87,34,10,19,20,5,18,9,2,5,1,3,1,7,2,38,0,1,1,4,5,0,0,4,0,0,0,0,0,0,0
9,28,20,12,27,5,9,7,8,25,25,3,18,25,21,3,7,8,0,4,3,1,2,3,2,0,1,2,3,0,2,2,0,0,1,0,0,2,0,0,0,0,0,0
19,88,44,58,96,82,41,61,11,71,61,34,41,82,40,13,35,15,8,14,2,5,5,12,5,1,6,2,14,1,2,2,5,5,1,0,3,1,0,0,0,0,0,0
25,46,50,37,99,11,27,43,17,86,41,33,34,75,35,13,24,15,4,12,3,5,4,3,6,2,7,2,19,0,1,1,4,4,2,1,0,0,0,0,0,0,0,0
124,343,395,317,675,255,157,354,138,599,339,200,249,511,264,97,182,109,14,87,35,36,29,44,25,2,31,16,129,2,15,16,12,12,21,12,2,1,1,0,1,0,0,0
6,43,33,29,44,21,22,29,17,38,18,20,12,23,15,11,8,5,2,6,2,3,4,1,1,0,3,0,3,0,1,1,1,1,1,0,0,0,0,0,0,0,0,0
4,21,14,16,27,14,19,21,7,30,20,10,9,47,28,5,7,6,2,3,0,1,3,3,1,0,4,1,1,0,0,0,1,1,1,0,0,2,0,0,0,0,0,0
1,1,5,1,10,3,4,4,2,10,4,4,4,14,4,3,2,1,0,3,0,0,0,0,0,0,0,0,1,0,0,0,0,0,0,0,0,0,0,0,0,0,0,0
8,21,19,10,30,7,11,13,6,18,30,6,10,43,7,4,7,5,1,1,2,0,5,2,1,0,1,0,21,1,0,0,1,1,0,1,0,0,0,0,0,0,0,0
40,146,120,134,256,22,62,141,47,175,166,47,64,173,101,41,67,64,12,26,10,19,14,8,9,2,3,5,14,1,10,8,3,4,4,7,1,0,1,0,0,0,0,0
15,42,30,31,72,22,22,26,14,37,49,16,8,53,25,5,14,8,1,8,8,0,3,1,0,2,1,2,23,0,0,0,0,0,1,0,0,0,0,0,0,0,0,0
3,7,3,8,11,2,6,7,1,8,15,7,2,18,8,4,3,3,1,0,2,1,0,1,0,0,1,0,1,0,0,0,1,1,0,0,0,0,0,0,0,0,0,0
120,440,292,378,625,156,190,380,152,394,636,255,167,725,387,87,167,124,51,63,49,45,53,23,15,3,23,10,123,9,2,2,27,22,9,3,1,1,1,1,0,0,0,0
20,92,86,87,155,64,51,67,41,112,100,65,42,95,66,21,40,22,1,24,11,4,6,14,7,3,8,2,10,2,1,1,2,2,3,1,0,1,2,0,0,0,0,0
21,66,68,66,117,33,36,54,31,80,63,20,54,87,52,11,26,16,3,10,10,5,3,6,3,2,3,1,17,0,1,1,1,1,3,3,0,0,0,0,0,0,0,0
3,4,3,1,8,0,4,3,3,5,5,3,4,7,5,0,1,2,0,0,0,1,1,0,0,0,0,0,3,0,0,0,0,0,0,0,0,0,0,0,0,0,0,0
30,184,135,130,213,44,94,138,49,184,144,72,102,222,124,36,79,68,4,33,11,12,18,22,10,3,14,9,44,2,2,2,0,4,7,14,0,0,0,0,0,0,0,0
191,394,461,403,861,158,187,377,118,581,357,209,225,569,317,125,178,160,24,103,50,44,45,24,26,4,16,4,62,2,5,8,14,15,18,21,1,3,0,0,0,0,0,0
19,43,41,42,76,34,34,31,12,60,49,12,33,56,41,17,14,19,6,7,1,5,1,3,4,0,1,0,8,0,0,0,2,2,3,2,2,2,0,0,0,0,0,0
0,5,2,2,7,6,2,2,0,3,2,0,0,5,5,0,2,2,1,2,0,1,1,0,0,0,0,0,1,0,0,0,0,0,1,0,0,0,0,0,0,0,0,0
7,18,14,10,23,0,4,12,7,14,27,18,4,14,4,3,12,2,0,2,1,1,1,0,1,0,2,0,3,0,0,0,0,0,0,0,0,0,0,0,0,0,0,0
4,10,6,8,12,5,6,10,5,13,9,7,0,23,10,2,6,4,1,1,3,0,0,0,0,0,0,2,2,0,0,0,0,0,0,0,0,0,0,0,0,0,0,0
13,32,21,19,35,15,16,31,13,33,22,10,15,51,25,7,17,8,2,4,3,2,5,1,2,2,1,0,6,0,0,0,2,3,0,0,0,0,0,0,0,0,0,0
8,37,32,15,59,8,10,29,17,47,19,14,21,37,21,8,18,5,2,5,6,2,4,4,6,0,0,0,10,0,0,0,1,3,0,1,0,0,0,0,0,0,0,0
25,53,65,48,120,37,37,41,11,85,86,63,17,108,34,13,22,48,9,11,2,1,10,15,1,0,2,0,29,0,11,16,2,10,0,0,1,0,1,0,0,0,0,0
5,9,12,11,23,8,6,7,7,13,15,3,4,20,12,2,4,4,0,3,0,0,0,0,1,0,2,0,3,0,4,2,0,0,1,0,0,0,0,0,0,0,0,0
6,7,9,9,22,15,3,9,2,14,5,5,6,14,8,0,5,4,4,2,0,1,1,0,0,1,1,2,2,0,0,0,0,0,0,1,0,0,0,0,0,0,0,0
11,33,30,20,47,4,13,18,3,38,31,13,13,53,32,8,12,4,0,6,1,0,3,2,0,0,0,0,18,0,0,0,0,0,0,1,0,0,0,0,0,0,0,0
3,13,16,16,25,11,6,16,8,22,18,7,12,20,17,5,10,8,0,1,1,2,2,0,1,0,2,0,3,0,1,1,1,1,2,0,0,0,0,0,0,0,0,0
8,25,28,20,44,29,10,14,16,30,13,9,12,16,9,1,7,8,3,5,3,0,9,1,0,0,3,1,9,0,0,0,1,1,0,0,0,0,0,0,0,0,0,0
5,22,17,23,34,13,9,25,6,31,28,12,10,48,21,3,14,12,0,4,4,4,3,1,1,0,2,2,11,0,0,0,1,1,1,1,1,0,0,0,0,0,0,0
12,81,43,38,95,39,21,37,21,78,78,49,22,92,49,13,20,12,5,11,8,1,8,7,1,0,5,6,29,0,1,1,3,3,2,0,1,0,0,0,0,0,0,0
106,330,366,278,640,325,163,320,129,475,516,205,232,517,340,39,204,107,38,96,32,49,43,158,30,4,12,5,128,5,0,2,1,5,11,8,1,3,2,0,0,0,0,0
4,6,14,7,14,8,6,11,3,9,16,8,2,11,8,2,6,3,1,0,0,0,0,0,0,0,4,1,3,0,1,1,0,0,1,0,0,0,0,0,0,0,0,0
29,176,131,132,227,73,68,102,46,188,65,75,52,140,85,21,76,34,6,27,8,15,15,11,3,1,2,3,48,0,9,9,9,10,1,2,0,3,0,0,0,0,0,0
123,249,376,310,728,86,185,311,150,488,370,209,205,517,295,86,162,133,34,79,24,47,47,20,22,5,20,11,127,2,7,7,6,11,11,15,0,2,1,1,0,0,0,0
7,9,10,17,26,6,11,14,2,7,15,8,3,20,10,3,4,3,1,2,1,0,0,0,1,0,1,0,2,0,0,0,0,1,0,0,0,0,0,0,0,0,0,0
11,46,44,48,61,8,34,71,26,73,40,13,26,99,36,28,37,19,0,9,2,12,6,2,3,0,2,0,19,0,0,0,0,0,3,1,0,0,0,0,0,0,0,0
5,13,9,12,13,2,7,11,3,14,24,14,4,28,16,2,8,5,0,2,3,0,0,0,0,1,0,0,5,0,0,0,0,0,1,2,0,0,0,0,0,0,0,0
18,35,29,35,72,14,22,40,7,64,19,8,21,62,38,7,19,11,3,6,4,5,3,1,3,3,2,1,7,0,0,0,0,2,2,0,0,0,0,0,0,0,0,0
19,44,50,37,90,27,23,49,16,59,65,22,25,75,36,21,22,18,2,6,3,2,2,6,1,1,6,1,7,0,0,0,0,0,2,3,0,0,0,0,0,0,0,0
23,113,178,119,246,97,61,87,73,179,90,96,104,102,66,15,72,37,10,47,11,4,6,5,10,0,2,3,79,2,1,1,11,11,5,0,0,0,1,0,0,3,0,0
118,508,463,448,740,259,179,395,131,676,435,192,195,641,358,131,176,128,17,77,46,34,34,34,51,3,25,17,141,16,3,3,26,15,22,16,0,3,4,1,0,0,0,0
13,32,49,36,85,12,24,38,16,55,47,44,21,45,19,11,22,14,3,6,5,6,2,1,5,1,0,1,7,2,0,0,1,4,0,0,0,0,1,0,0,0,0,0
21,38,44,60,104,28,32,55,33,76,53,27,44,66,36,16,37,13,2,8,5,4,1,12,4,3,2,1,5,0,0,0,0,0,3,5,0,0,2,0,0,0,0,0
188,392,463,412,695,260,183,467,141,570,400,182,257,605,334,173,161,209,78,81,32,50,32,21,31,6,31,10,57,2,1,1,4,4,19,26,3,9,2,0,0,0,0,0
18,31,20,25,65,27,22,23,12,32,41,26,11,49,31,1,17,8,1,12,2,1,2,4,2,0,0,2,17,0,3,3,0,0,0,0,0,0,0,1,0,0,0,0
44,129,109,93,224,85,61,169,47,142,272,128,54,235,127,40,54,35,7,10,20,12,16,13,3,2,7,2,50,1,0,0,3,5,5,1,0,0,0,0,0,0,0,0
8,9,12,9,22,0,9,13,7,12,12,2,5,11,5,2,7,6,3,4,1,2,2,0,0,0,1,1,5,0,0,0,0,2,1,1,0,0,0,0,0,0,0,0
13,24,32,23,46,15,12,29,7,50,14,14,14,39,22,4,22,6,0,9,2,3,3,2,4,0,4,0,12,0,0,0,2,2,1,0,0,0,0,0,0,0,0,0
4,11,2,8,17,5,5,25,11,15,12,1,5,28,6,3,12,5,1,3,5,0,0,0,2,0,1,0,2,0,0,0,0,0,0,0,0,0,0,0,0,0,0,0
19,81,85,56,134,24,45,88,23,103,61,19,32,139,59,31,52,24,4,9,10,6,7,7,3,0,2,4,13,0,0,0,1,1,5,2,1,0,0,0,0,0,0,0
46,84,83,88,137,60,44,43,18,129,61,37,46,121,65,11,29,22,8,27,5,3,7,16,4,0,4,1,38,0,4,0,3,3,4,1,2,0,0,0,0,0,0,0
0,5,0,2,3,2,1,4,0,3,4,4,1,6,2,3,1,1,0,1,0,1,0,0,0,0,1,0,1,0,0,0,0,0,0,1,0,0,0,0,0,0,0,0
8,30,28,28,57,13,27,22,6,30,32,28,14,61,30,6,12,20,4,6,0,6,2,4,3,0,1,4,7,1,0,0,2,1,3,1,0,0,0,0,0,0,0,0
27,102,115,131,216,56,104,121,23,136,107,61,73,169,91,43,36,48,2,21,13,6,16,15,4,3,4,2,25,2,6,6,1,1,2,5,0,2,0,1,0,0,0,0
18,56,51,43,86,6,28,37,17,69,29,39,27,60,31,9,20,18,23,10,4,3,5,4,4,0,4,1,16,0,1,1,0,0,1,0,1,0,1,0,0,0,0,0
7,22,20,20,46,7,16,24,4,40,28,16,16,45,27,8,11,10,8,10,1,5,2,4,2,0,3,0,13,0,0,0,1,1,1,1,0,0,0,0,0,0,0,0
39,140,99,118,224,86,70,125,47,172,153,72,72,178,96,29,78,44,3,32,14,10,11,20,6,3,3,6,49,3,1,1,3,3,5,3,1,1,0,0,0,0,0,0
12,12,18,22,33,8,6,13,7,29,9,3,6,24,9,4,8,5,0,1,0,3,0,1,0,0,0,1,9,0,0,0,0,0,1,0,0,0,0,0,0,0,0,0
25,45,43,71,104,9,35,50,16,63,22,18,34,45,34,12,19,12,50,10,5,2,8,1,2,2,2,1,29,0,0,0,0,3,8,1,0,0,0,0,0,0,0,0
82,187,208,146,373,179,110,212,74,307,228,140,106,365,176,76,90,57,43,39,17,21,36,13,15,3,11,8,53,2,6,8,3,12,7,4,0,2,0,0,1,0,0,0
31,75,46,54,85,30,31,47,27,69,51,21,31,106,49,15,26,23,2,7,3,3,8,7,3,2,1,3,28,1,1,1,2,3,3,1,1,0,0,0,0,0,0,0
1,4,6,4,9,3,4,8,1,7,6,3,2,15,5,1,4,4,2,1,1,1,0,0,0,0,2,1,3,0,0,0,1,1,0,0,0,0,0,0,0,0,0,0
0,3,0,1,0,1,1,2,1,0,1,0,0,5,4,1,0,0,0,0,1,0,0,0,0,0,0,0,0,0,0,0,0,0,0,0,0,0,0,0,0,0,0,0
35,78,81,71,133,59,35,85,24,113,60,33,34,97,38,21,46,29,6,15,7,9,5,5,5,1,1,2,13,2,1,1,3,5,3,4,2,0,0,0,0,0,0,0
58,185,158,108,267,69,76,164,57,206,170,66,67,269,141,45,83,39,13,29,25,19,25,18,7,4,7,6,35,3,1,3,13,12,10,4,0,1,0,0,0,0,0,0
151,310,308,278,660,227,144,390,80,442,366,152,138,558,230,110,169,120,41,52,26,39,39,32,20,4,11,8,101,3,2,2,17,22,9,11,1,2,0,1,0,0,0,0
58,205,197,159,326,149,110,207,66,279,125,65,94,230,99,65,107,80,40,16,12,18,15,19,19,3,9,6,19,0,1,1,9,13,7,9,0,1,1,0,0,0,0,0
16,47,48,35,73,25,29,44,16,82,34,24,22,77,34,16,16,22,4,13,3,6,7,3,2,0,1,1,19,0,0,0,3,3,3,1,0,1,1,0,0,0,0,0
26,25,27,19,56,26,13,19,3,30,17,15,10,42,17,11,8,9,1,2,0,3,2,6,2,0,2,2,18,0,1,1,1,2,4,0,0,0,0,0,0,0,0,0
180,436,402,391,775,167,236,358,124,613,439,367,249,554,298,92,184,117,20,82,43,35,61,54,27,1,27,6,180,2,13,13,23,25,19,5,5,2,1,1,0,0,0,0
74,261,196,174,320,140,108,151,83,306,196,135,115,285,146,25,93,65,4,53,22,24,23,12,15,2,10,13,62,6,1,1,0,0,16,8,0,1,0,2,0,0,0,0
23,75,76,72,150,28,38,83,24,93,105,37,46,119,74,25,34,33,22,12,3,11,4,10,1,2,11,2,13,1,0,0,2,2,0,1,0,0,0,0,0,0,0,0
27,72,90,64,136,76,38,74,33,107,97,53,36,121,57,21,40,26,4,14,8,13,11,7,3,2,6,1,19,1,0,0,2,1,4,1,0,0,0,0,0,0,0,0
21,70,52,62,101,55,45,68,12,77,74,49,21,102,53,15,17,21,4,9,6,0,7,6,0,2,4,2,19,2,1,1,2,2,5,1,0,0,0,0,0,0,0,0
10,8,12,6,24,5,6,6,5,14,7,5,4,19,4,1,4,4,4,0,1,0,2,0,1,0,0,0,11,0,0,0,0,1,0,0,0,0,0,0,0,0,0,0
2,0,0,2,4,2,1,3,1,3,2,2,0,4,2,0,1,0,0,0,0,0,0,0,0,0,0,0,0,0,0,0,0,0,0,0,0,0,0,0,0,0,0,0
9,25,18,17,29,9,13,9,8,17,15,23,11,20,16,1,7,5,1,9,1,1,2,5,0,0,1,0,4,0,0,0,0,0,0,0,0,0,0,0,0,0,0,0
18,55,60,65,110,18,27,33,7,60,47,36,35,56,43,5,13,27,5,6,1,7,4,2,0,1,6,2,19,0,4,2,1,2,4,0,0,0,1,0,0,0,0,0
15,48,30,29,61,16,17,30,12,47,49,36,20,64,28,4,16,12,1,8,5,5,6,4,2,1,1,2,24,0,1,1,0,0,3,0,0,0,0,0,0,0,0,0
5,23,17,14,30,11,10,22,6,24,18,4,10,29,24,4,9,3,0,3,0,1,1,1,0,0,0,0,3,0,0,0,0,0,2,0,0,0,0,0,0,0,0,0
7,33,23,34,49,26,18,25,7,36,32,6,12,48,21,4,12,8,1,0,4,1,2,2,0,0,3,1,15,0,0,0,0,0,0,1,0,0,0,0,0,0,0,0
18,30,50,34,71,23,20,15,12,45,44,12,18,45,28,6,12,11,1,8,1,2,4,1,2,0,4,1,13,0,0,0,0,0,0,2,0,0,0,0,0,0,0,0
18,59,72,52,114,36,33,50,27,102,47,24,31,84,48,11,38,22,8,16,8,2,5,8,7,0,0,0,17,0,2,2,1,1,0,2,1,2,0,0,1,0,0,0
25,46,58,56,111,37,34,63,26,103,42,49,32,87,38,25,27,13,20,6,3,7,10,6,2,0,5,1,22,0,5,3,0,1,1,0,0,0,0,0,0,0,0,0
43,138,105,103,202,35,80,90,62,161,86,49,78,153,60,26,46,22,5,25,8,10,10,9,3,3,5,3,58,1,5,5,8,8,6,3,1,0,0,0,0,0,0,0
13,21,15,24,38,5,15,23,2,26,4,8,9,18,11,5,9,2,9,3,0,0,1,4,0,0,2,1,13,0,0,0,1,2,1,0,0,0,0,0,0,0,0,0
11,24,24,15,35,6,11,9,6,28,21,14,8,35,11,3,9,7,0,8,1,1,3,4,1,0,1,0,16,0,0,0,2,2,0,0,0,1,0,1,0,0,0,0
76,170,228,195,395,166,121,213,97,309,149,107,151,285,181,56,122,77,5,44,31,29,25,36,17,4,11,6,63,1,8,12,8,14,7,6,0,0,0,2,0,0,0,0
0,11,11,8,20,2,6,6,3,13,11,9,3,14,3,0,3,2,0,2,2,1,1,0,0,0,0,0,8,0,0,0,0,0,1,0,0,0,0,0,0,0,0,0
15,44,37,33,86,31,30,35,12,45,52,26,19,82,45,10,17,12,14,9,1,4,5,8,1,0,2,1,23,1,0,0,2,14,1,2,0,0,1,0,0,0,0,0
82,207,232,173,377,119,130,254,49,282,144,62,118,340,180,77,126,89,13,37,21,26,23,26,10,1,10,6,54,3,9,13,9,11,16,15,1,3,0,0,0,4,0,0
8,28,28,26,53,19,21,20,18,41,22,20,20,25,11,3,12,8,9,5,3,3,3,2,0,0,1,0,7,0,0,0,2,2,1,0,0,0,0,0,0,0,0,0
31,102,78,85,182,61,50,88,31,137,89,33,58,146,87,26,31,26,5,12,10,9,11,11,12,0,7,2,14,0,1,1,3,3,1,2,0,0,0,0,0,0,0,0
91,223,254,232,465,154,138,233,100,384,183,129,150,319,169,53,116,99,64,52,24,34,20,16,27,0,11,4,84,3,4,2,12,13,13,8,3,2,0,2,0,0,2,0
4,14,6,16,22,6,7,8,3,17,8,6,6,11,7,3,5,5,3,1,0,1,0,0,0,1,0,0,4,0,1,1,1,3,1,1,0,0,0,0,0,0,0,0
30,116,82,80,166,25,57,105,30,104,127,91,36,201,95,27,52,40,14,25,12,4,5,7,4,1,3,1,25,0,3,7,4,5,3,0,0,0,0,1,0,0,0,0
130,297,361,283,622,224,192,343,105,454,406,203,218,485,317,113,165,143,44,63,22,72,36,25,12,5,23,13,68,7,17,17,9,12,9,19,4,3,1,6,0,0,0,0
39,87,84,68,146,50,49,84,26,134,73,37,37,120,72,25,38,31,2,10,3,15,11,2,6,1,6,1,18,0,4,4,1,1,7,5,2,1,0,0,0,0,0,0
5,11,13,11,21,1,11,12,4,11,19,7,8,11,9,1,7,2,0,2,0,2,2,0,1,0,0,0,3,0,0,0,1,1,0,1,0,0,0,0,0,0,0,0
5,10,19,24,47,10,5,11,5,15,16,13,6,19,12,6,4,8,1,2,0,0,1,4,0,0,2,0,2,0,0,0,0,0,0,0,0,0,0,0,0,0,0,0
6,12,24,12,32,9,8,8,2,21,13,9,2,20,8,4,4,11,0,3,3,1,1,1,2,0,0,0,2,0,0,0,0,0,0,0,0,0,0,0,0,0,0,0
37,103,86,71,144,68,48,137,26,137,135,49,45,177,87,49,50,24,5,22,7,7,8,4,5,2,2,2,18,1,0,0,0,3,3,2,2,0,0,1,0,0,0,0
44,125,125,111,220,70,64,112,57,178,118,61,53,178,104,44,39,42,18,19,8,16,9,7,9,1,7,3,16,1,5,5,12,11,6,4,0,2,0,0,0,0,0,0
82,204,171,165,300,78,123,281,80,259,173,96,90,392,186,39,128,65,4,30,20,33,28,22,11,2,29,6,59,4,6,7,4,4,9,3,0,1,0,0,0,0,0,0
40,162,104,118,222,104,91,201,43,193,171,69,60,282,140,49,113,47,4,20,19,12,15,9,7,0,16,2,27,3,0,0,6,3,9,0,2,3,0,0,0,0,0,0
4,12,10,11,24,3,4,9,6,17,7,3,6,10,7,4,3,4,0,1,2,1,2,0,1,0,0,0,5,0,0,0,0,0,0,1,0,0,0,0,0,0,0,0
138,485,444,479,738,302,261,368,128,615,234,241,279,405,218,104,191,158,92,86,41,45,43,21,24,9,31,15,77,7,17,15,23,27,32,13,2,3,1,0,0,0,1,1
10,22,32,22,59,33,20,18,5,43,23,20,22,42,25,7,10,10,2,1,4,1,2,6,3,0,5,0,13,1,2,2,3,3,0,0,0,0,0,0,0,0,0,0
12,15,23,17,39,24,9,31,4,17,21,8,3,40,15,5,13,11,0,3,2,7,7,1,3,0,1,1,9,1,2,2,0,0,1,1,1,0,0,0,0,0,0,0
4,5,7,4,14,3,0,6,0,8,6,3,2,9,6,1,3,1,0,0,1,0,0,0,0,0,0,0,4,0,0,0,0,0,0,0,0,0,0,0,0,0,0,0
45,172,143,104,220,43,114,187,59,222,161,52,68,279,103,70,72,66,0,34,18,22,21,15,10,5,21,9,60,1,7,7,2,2,5,19,0,2,0,0,1,0,0,0
15,38,40,25,74,16,24,38,7,53,46,16,23,71,24,14,20,11,3,7,3,3,3,4,1,2,1,1,29,0,0,0,1,1,3,2,0,2,0,0,0,0,0,0
193,447,477,430,832,142,207,387,165,629,465,205,283,548,300,114,197,144,19,62,39,29,37,41,31,7,34,14,105,4,13,7,2,2,21,11,3,6,2,0,0,0,0,0
6,49,39,30,78,12,21,47,17,59,38,17,14,69,29,14,22,9,1,5,4,2,4,4,3,1,1,0,9,0,0,0,0,0,1,3,0,0,0,0,0,0,0,0
9,26,33,24,42,6,15,21,8,22,17,13,15,34,25,4,15,9,1,5,2,5,0,0,1,1,0,1,5,0,1,1,0,0,1,1,1,0,0,0,0,0,0,0
44,134,135,121,273,74,74,105,35,192,179,116,70,235,112,32,50,33,23,22,16,8,9,20,3,2,8,3,72,1,2,2,6,8,9,0,1,0,4,0,0,0,0,0
69,192,216,208,394,99,117,185,65,258,124,91,118,252,159,44,102,77,6,25,16,26,29,17,11,6,11,8,42,6,3,3,12,14,1,4,1,0,1,0,0,0,0,0
79,172,193,171,370,122,109,179,74,289,166,95,99,256,143,46,95,92,5,45,21,25,40,8,7,2,9,6,38,1,0,0,4,4,6,5,1,4,1,0,0,0,0,0
9,21,21,13,29,2,21,28,5,26,14,3,11,41,21,10,15,11,7,7,1,3,2,1,1,0,2,0,3,0,0,0,0,0,2,1,0,0,0,0,0,0,0,0
36,88,129,85,211,67,70,111,42,185,69,33,65,154,65,34,56,34,2,17,7,7,6,12,4,2,15,2,40,0,1,1,8,8,3,7,0,2,3,1,0,0,0,0
62,145,187,131,351,137,81,144,35,215,103,130,69,270,181,33,70,43,26,20,11,21,26,10,12,1,4,0,43,1,11,11,15,16,7,4,3,1,0,1,0,0,0,0
62,96,144,84,239,44,58,106,39,199,101,60,51,188,87,25,66,34,13,20,8,11,17,12,14,3,5,0,74,0,1,1,10,10,3,0,0,3,1,0,0,0,0,0
57,146,131,101,226,64,62,85,46,188,103,52,58,209,84,16,70,54,0,27,11,14,17,10,13,1,11,4,82,3,1,1,1,1,7,4,0,1,0,0,1,0,0,0
11,15,27,19,45,15,15,27,6,37,24,15,14,26,14,4,9,8,1,3,1,1,3,2,1,1,3,3,2,0,0,0,0,0,1,0,0,0,0,0,0,0,0,0
24,34,38,36,74,34,27,47,14,50,68,20,51,73,42,23,17,14,4,7,2,0,4,12,2,0,3,0,16,1,0,0,0,0,1,4,0,0,0,0,0,0,0,0
2,4,5,2,10,2,1,8,1,8,6,1,3,10,4,2,2,3,0,0,1,4,1,2,1,0,1,0,1,0,0,0,0,0,0,0,0,0,0,0,0,0,0,0
23,75,78,51,127,23,46,47,31,93,39,13,41,79,44,13,31,31,0,22,15,1,9,14,5,0,6,0,20,1,4,4,0,0,2,4,0,0,0,0,0,0,0,0
8,36,28,22,36,0,13,18,7,33,25,12,9,57,29,7,12,13,0,4,1,0,1,2,2,0,2,0,11,0,0,0,0,0,0,2,0,0,0,0,0,0,0,0
2,11,11,13,19,12,4,12,1,11,8,1,8,26,17,2,6,3,0,3,0,0,1,0,1,0,1,0,2,0,0,0,0,0,0,1,0,0,0,0,0,0,0,0
5,21,27,26,32,11,12,17,17,31,18,5,7,21,21,6,8,5,1,1,4,2,1,2,0,0,2,2,0,0,0,0,0,0,0,0,0,0,0,0,0,0,0,0
2,19,24,28,37,13,13,30,7,27,21,6,12,44,24,10,11,5,0,7,1,4,4,1,2,0,1,3,2,0,0,0,0,0,0,0,0,0,0,0,0,0,0,0
71,218,247,184,402,124,117,224,95,341,139,60,110,319,129,84,106,68,4,44,29,10,22,21,17,2,25,6,59,0,7,7,2,1,7,4,0,2,1,0,0,0,0,0
5,21,26,18,45,11,8,32,5,37,32,11,14,39,23,7,8,12,0,4,1,2,3,2,1,0,1,0,3,0,0,0,0,0,1,5,0,0,0,0,0,0,0,0
5,49,28,33,56,30,27,28,16,55,33,22,24,71,37,9,10,12,0,3,5,1,0,6,2,0,3,2,19,0,0,0,0,0,3,0,0,0,0,0,0,0,0,0
13,39,24,25,39,1,13,26,15,34,31,10,11,54,29,9,11,6,1,6,1,4,2,0,0,0,2,2,5,0,1,1,0,2,0,0,0,0,0,0,0,0,0,0
11,60,30,34,47,21,28,43,10,32,31,13,10,72,38,22,19,9,2,5,2,5,3,0,1,0,1,2,3,0,0,0,1,2,2,3,0,0,0,0,1,0,0,0
30,71,92,61,187,95,56,108,39,101,109,47,43,126,66,39,37,30,0,11,10,15,13,11,7,1,7,1,15,1,13,12,1,3,5,2,1,0,0,0,0,0,0,0
12,23,16,19,27,1,10,31,9,28,0,6,4,46,16,8,14,11,5,6,1,4,4,1,0,0,3,0,12,0,1,1,1,2,0,0,0,0,0,0,0,0,0,0
3,11,7,6,16,9,4,11,2,13,20,11,7,18,9,3,3,3,1,4,0,1,0,1,0,1,0,1,5,0,0,0,0,0,0,0,0,0,0,0,0,0,0,0
2,7,5,6,6,1,1,5,2,7,4,4,3,5,0,3,1,0,0,0,1,1,0,0,0,0,0,0,1,0,0,0,0,0,0,0,0,0,0,0,0,0,0,0
5,17,13,9,20,4,5,13,2,16,11,8,5,25,13,4,9,4,1,4,1,1,2,0,0,0,1,0,4,0,0,0,0,0,1,0,0,0,0,0,0,0,0,0
110,360,410,331,648,377,180,304,114,517,279,190,226,367,162,100,169,94,89,77,29,31,29,84,17,0,41,13,180,0,3,3,36,44,22,8,1,3,2,1,0,0,2,0
18,57,57,38,92,13,27,63,23,68,52,13,29,90,47,19,28,14,2,20,4,9,5,11,2,0,4,0,23,3,0,0,1,2,5,1,0,1,0,0,0,0,0,0
30,90,104,92,186,64,57,118,33,138,117,54,61,152,80,33,43,41,11,16,11,17,14,7,8,3,11,2,27,0,3,3,4,4,2,5,0,1,1,0,0,0,0,0
3,13,6,4,9,3,2,5,0,6,11,7,6,9,7,1,1,2,0,0,2,1,0,1,0,0,0,0,1,1,0,0,0,0,0,0,0,0,0,0,0,0,0,0
11,9,11,14,24,4,8,13,10,18,11,1,8,21,13,2,6,5,0,3,2,4,4,0,0,1,0,0,1,0,0,0,0,0,1,0,0,0,0,0,0,0,0,0
6,22,15,25,38,13,14,10,7,32,14,20,13,27,13,3,3,7,5,6,1,2,0,3,0,0,2,1,13,0,0,0,3,3,0,1,0,0,0,0,0,0,0,0
15,11,12,10,33,13,8,9,3,29,13,9,10,22,9,2,6,2,3,7,1,1,0,2,1,0,1,0,15,0,0,0,2,2,2,0,0,0,0,0,0,0,0,0
34,86,82,85,148,60,51,62,41,120,57,48,52,133,84,14,32,32,11,12,9,10,20,7,2,0,2,0,35,1,13,3,4,5,1,4,0,1,0,0,0,0,0,0
14,79,56,67,106,81,26,63,25,68,45,60,33,53,33,13,28,17,3,7,9,3,4,4,2,1,5,1,10,2,1,1,4,4,2,1,0,1,0,0,0,0,0,0
10,22,41,34,57,10,15,30,15,43,29,12,20,32,15,10,19,13,0,4,3,3,0,3,0,1,1,3,5,0,1,1,4,4,1,1,0,0,0,0,0,0,0,0
2,8,9,11,99,2,2,13,3,13,49,78,5,13,7,1,2,6,46,1,1,0,1,20,0,0,1,0,0,0,0,0,20,20,0,0,0,0,1,0,0,0,0,0
14,44,53,37,98,45,30,55,16,83,37,30,24,56,40,21,29,40,2,10,4,7,3,0,6,1,3,2,4,0,1,1,1,1,1,12,0,0,0,0,0,0,0,0
0,2,1,0,4,1,2,5,5,4,4,6,0,2,0,0,3,0,0,0,0,0,1,0,0,0,0,0,1,0,0,0,0,0,0,0,0,0,0,0,0,0,0,0
128,406,500,385,765,90,266,471,205,667,197,189,166,674,351,159,229,131,100,67,52,31,58,29,28,0,21,18,93,8,1,0,17,17,19,11,0,1,0,2,0,0,3,0
4,25,24,23,33,4,9,11,4,24,18,14,13,15,15,2,5,10,0,5,1,0,3,1,2,0,1,0,5,0,0,0,0,0,0,0,0,0,0,0,0,0,0,0
73,141,171,156,345,5,91,196,60,245,163,76,62,272,152,38,115,56,2,28,26,22,22,11,8,7,9,4,51,1,1,1,0,0,7,2,1,2,0,0,0,0,0,0
7,44,36,27,49,17,21,19,14,53,28,21,8,53,20,9,8,14,0,6,3,1,2,6,1,0,0,1,13,2,0,0,0,0,2,1,0,0,0,0,0,0,0,0
39,213,137,147,265,79,77,139,49,185,76,114,88,227,135,23,75,28,46,35,11,11,20,18,1,2,5,1,78,1,10,6,4,6,5,2,0,0,0,0,0,0,0,0
178,408,403,358,750,361,250,517,141,560,473,215,226,663,299,167,181,148,31,57,51,50,53,29,16,5,25,9,118,8,10,11,13,15,15,4,3,3,2,0,0,0,0,0
7,31,36,36,47,21,16,33,9,36,29,9,10,44,24,10,15,12,0,0,8,7,0,0,1,1,2,1,4,0,0,0,1,1,2,0,0,0,0,0,0,0,0,0
31,127,84,64,181,39,85,110,41,112,44,49,28,173,85,30,40,46,5,18,12,15,13,11,8,1,7,3,23,0,0,0,0,0,8,0,0,1,0,0,0,0,0,0
3,16,11,11,20,1,11,14,7,21,17,9,5,22,9,3,7,3,1,6,1,1,2,1,1,0,0,0,9,0,0,0,0,0,0,0,0,0,0,0,0,0,0,0
86,243,175,207,369,153,144,294,69,214,256,106,86,409,195,98,102,70,14,39,26,26,23,15,3,3,8,3,44,1,3,3,5,5,6,7,0,1,0,1,0,0,0,0
44,79,100,111,181,65,30,72,30,125,100,42,58,128,68,24,45,68,6,18,17,18,11,7,7,0,7,2,21,4,0,0,2,2,1,6,0,0,1,0,1,0,0,0
6,27,20,31,41,19,16,25,7,38,17,17,20,32,22,6,12,6,3,7,2,0,7,2,2,0,1,0,1,0,1,1,3,3,0,2,0,0,0,0,0,0,0,0
40,172,134,114,275,17,125,163,55,178,210,103,75,308,174,23,78,59,23,25,17,18,25,9,11,2,9,0,60,6,0,0,13,2,5,3,0,0,2,0,0,0,0,0
32,63,76,99,161,50,41,100,17,128,83,54,45,101,55,27,57,29,28,13,7,13,13,8,5,2,7,5,13,0,4,2,4,7,8,7,4,0,0,0,0,0,0,0
12,48,40,36,58,0,29,15,7,34,39,8,6,53,28,4,11,23,1,4,3,3,5,4,1,0,3,1,13,0,1,1,0,0,1,1,0,0,0,0,0,1,0,0
5,3,4,5,10,1,3,2,1,6,3,2,3,6,2,0,2,1,0,1,0,0,0,1,0,2,0,0,2,0,0,0,0,0,1,0,0,0,0,0,0,0,0,0
31,28,41,31,74,20,15,31,22,72,32,19,17,55,23,8,18,13,0,7,2,4,6,1,2,0,1,0,9,0,0,0,1,1,4,0,0,3,1,0,0,0,0,0
204,490,481,381,775,131,207,374,149,637,485,157,231,682,259,106,221,149,21,123,32,35,43,36,21,7,43,22,337,3,0,0,6,7,8,12,0,1,0,0,0,0,0,0
2,15,8,11,16,3,8,13,7,14,8,8,5,24,10,2,5,0,0,0,0,0,0,0,0,0,0,0,0,0,0,0,0,0,0,0,0,0,0,0,0,0,0,0
37,93,80,79,178,43,45,84,32,104,89,63,35,116,47,19,49,29,6,17,5,9,14,12,5,1,6,7,37,1,7,5,2,2,4,1,1,1,0,0,0,1,0,0
31,70,81,73,132,42,51,75,33,111,95,42,41,139,55,14,50,23,0,23,11,5,6,15,6,2,11,2,52,0,6,6,1,1,1,1,0,0,1,0,0,0,0,0
41,85,85,74,149,78,61,145,30,107,102,33,56,178,79,47,54,37,0,17,17,8,11,8,6,0,2,2,46,2,0,0,1,1,3,4,0,0,0,0,0,0,0,0
129,448,436,380,763,333,222,484,168,616,277,209,241,663,366,137,206,166,28,52,26,41,35,35,25,8,48,23,81,4,8,14,24,27,33,15,3,2,1,0,0,0,0,0
6,53,42,40,84,30,31,47,9,46,44,28,34,55,33,12,21,21,4,7,4,2,2,1,4,0,5,0,11,0,1,1,1,1,3,1,0,0,0,0,0,0,0,0
4,18,20,10,39,21,9,17,14,32,14,7,7,26,8,5,7,4,2,3,2,4,0,2,1,0,1,0,13,0,0,0,0,0,1,0,0,0,0,0,0,0,0,0
25,73,59,67,118,60,32,63,25,114,61,24,50,87,41,19,30,16,14,16,7,6,9,1,2,0,6,1,20,0,5,5,1,1,1,3,3,0,0,0,0,0,0,0
27,63,45,39,92,25,39,70,13,94,49,36,30,130,67,23,36,17,8,12,5,9,4,8,1,0,5,0,24,0,2,2,2,3,3,2,0,1,0,0,0,0,0,0
84,192,199,216,428,107,116,160,49,264,140,123,114,225,101,33,89,69,29,42,16,15,23,34,6,2,12,3,113,1,3,3,1,1,4,11,0,1,1,1,0,0,0,0
8,30,30,18,62,14,19,27,11,42,25,17,12,31,21,7,14,3,0,3,3,0,3,4,0,0,1,1,2,0,4,4,0,0,0,1,0,0,0,0,0,0,0,0
15,51,47,38,80,0,21,29,12,59,30,17,17,58,30,13,16,18,0,15,2,3,3,4,4,1,4,0,9,0,1,1,1,1,0,4,0,1,0,0,0,0,0,0
50,124,135,87,212,88,63,106,28,158,144,69,58,206,112,34,66,62,7,30,15,14,22,6,7,1,9,0,42,1,0,0,1,1,5,9,0,0,0,0,0,0,0,0
193,432,463,317,784,333,244,260,151,584,394,306,206,596,273,65,137,156,22,66,39,30,54,54,26,8,25,12,165,8,21,19,1,1,24,5,4,4,1,0,0,0,0,0
12,18,16,12,38,2,13,15,3,21,24,7,9,25,5,3,11,4,0,7,1,3,3,3,0,0,1,0,15,0,2,4,0,0,1,0,0,0,0,0,0,0,0,0
45,119,78,86,158,67,55,70,40,127,84,54,56,147,83,15,47,34,2,14,9,10,17,8,2,0,8,2,33,2,5,1,2,2,3,0,0,0,1,0,0,0,0,0
139,243,306,293,631,127,136,402,97,415,252,97,158,476,225,103,223,114,15,46,31,48,23,33,21,1,13,5,115,1,9,3,0,5,13,10,1,4,3,0,0,0,0,0
1,5,4,3,8,2,4,3,3,7,4,0,5,4,3,3,1,2,0,1,1,1,0,0,0,0,0,1,0,0,0,0,0,0,0,1,0,0,0,0,0,0,0,0
41,65,80,78,135,39,40,72,18,98,102,56,27,131,70,18,30,27,2,9,19,8,9,11,3,0,8,0,34,0,2,2,4,8,5,6,0,1,1,0,0,0,0,0
74,169,207,170,303,96,106,203,76,278,209,58,102,260,146,49,100,59,3,19,13,20,22,11,11,2,14,6,36,0,1,2,2,2,9,13,0,2,1,0,0,0,0,0
49,121,102,78,168,9,71,100,52,131,53,74,52,167,83,19,52,25,0,15,12,3,11,5,2,2,3,2,44,1,0,0,1,1,3,1,0,0,0,0,0,0,0,0
8,24,28,15,45,20,16,16,9,37,18,16,11,28,14,3,11,5,4,4,4,1,3,0,1,0,1,1,10,0,0,0,0,0,4,1,0,1,0,0,0,0,0,0
10,42,46,37,82,40,23,27,8,59,36,32,23,62,26,7,19,11,2,10,3,3,2,3,4,0,2,0,22,0,5,5,2,2,1,3,0,1,0,0,0,0,0,0
1,0,0,0,1,0,0,1,0,0,1,2,0,1,1,0,1,1,0,0,0,0,0,0,0,0,0,0,0,0,0,0,0,0,0,0,0,0,0,0,0,0,0,0
20,46,28,41,77,10,28,45,13,51,50,11,18,78,40,7,21,11,4,5,3,6,7,7,2,0,5,4,19,0,3,3,0,0,0,0,0,0,0,0,0,0,0,0
26,52,35,34,80,36,18,37,10,48,51,18,25,91,47,10,24,13,1,3,5,0,6,4,1,0,1,0,14,1,0,0,1,1,1,1,0,0,0,0,0,0,0,0
37,83,65,56,126,60,47,57,20,99,98,61,38,115,59,16,26,35,7,23,6,11,10,17,4,0,6,4,28,1,0,0,6,7,6,3,2,1,3,1,0,0,0,0
17,48,41,45,88,25,25,51,13,74,38,18,28,80,36,19,27,13,4,9,4,9,9,13,7,0,3,0,24,0,0,0,3,3,1,6,1,0,0,0,0,0,0,0
55,138,71,78,129,23,49,67,40,84,89,54,21,218,58,14,41,19,0,16,8,7,13,2,0,3,7,0,88,1,1,1,0,0,6,0,0,1,0,0,0,0,0,0
4,10,5,7,15,8,2,8,2,12,7,4,2,13,5,1,4,1,0,2,1,1,2,0,0,0,1,0,2,0,0,0,0,0,0,0,0,0,0,0,0,0,0,0
15,23,34,14,50,1,16,19,18,32,21,17,3,46,16,3,14,13,0,0,7,2,5,8,1,0,0,1,19,3,0,0,0,0,1,1,0,0,0,0,0,0,0,0
29,85,71,79,168,49,49,67,31,109,53,48,27,105,67,18,34,32,30,19,8,4,2,4,7,1,4,2,14,1,0,0,5,3,3,4,0,0,0,0,0,0,0,0
19,54,40,46,79,22,26,66,18,61,62,27,23,89,38,17,35,30,6,3,5,11,9,7,2,0,2,3,16,0,1,2,1,1,6,2,0,0,1,0,0,0,0,0
57,143,156,124,296,65,54,207,54,156,247,99,57,227,87,52,82,63,0,19,21,14,15,12,12,1,11,3,42,2,0,0,1,1,6,4,0,0,0,0,0,0,0,0
8,18,22,24,49,7,17,24,10,29,11,10,13,21,8,5,9,3,2,3,3,0,3,2,2,1,1,0,16,0,1,1,0,0,1,1,0,1,0,0,0,0,0,0
6,41,23,17,33,10,6,21,11,41,30,14,14,49,17,5,13,13,0,17,6,6,4,3,2,1,0,0,16,0,0,0,2,2,0,0,0,0,0,0,0,0,0,0
51,174,165,137,288,86,108,219,51,223,179,73,93,300,141,82,80,49,4,30,13,12,11,11,14,1,13,7,37,1,1,1,2,4,9,8,1,2,0,0,0,0,0,0
25,89,103,51,174,55,34,103,21,137,80,16,22,188,95,26,32,37,1,22,12,13,6,11,4,0,4,1,26,1,2,2,0,0,3,1,0,0,0,0,0,0,0,0
54,99,119,82,206,31,65,53,37,159,114,63,45,164,63,7,45,18,7,22,13,4,9,23,2,0,1,6,73,1,3,3,8,8,6,3,0,0,0,0,0,0,0,0
53,145,114,111,225,52,86,117,35,180,180,119,76,251,125,24,71,46,11,18,5,12,22,45,4,0,9,1,52,3,6,6,20,19,4,1,0,2,1,3,0,0,0,0
40,92,104,72,165,63,61,128,26,160,75,44,51,164,68,30,85,30,13,14,6,8,8,13,3,2,7,2,46,0,8,6,7,8,10,6,0,2,0,0,0,0,0,0
47,109,127,103,225,23,102,95,40,211,72,36,47,193,55,27,54,16,4,31,10,7,18,7,10,1,8,2,105,0,1,1,0,1,9,2,0,5,0,0,0,0,0,0
151,348,371,378,818,240,229,287,145,495,523,437,206,527,242,49,162,110,50,60,42,35,42,19,15,1,11,6,158,1,13,12,7,7,11,12,5,1,5,0,0,0,0,0
33,71,60,62,113,55,38,83,17,100,45,19,39,114,65,29,36,20,19,12,1,8,9,3,1,0,2,0,14,0,0,0,1,1,2,4,0,0,1,0,0,0,0,0
12,59,54,48,84,27,35,38,15,71,21,22,17,50,31,15,17,19,5,9,2,3,3,1,5,0,1,2,9,0,1,1,2,2,1,1,0,2,0,0,0,0,0,0
10,11,21,11,29,5,10,22,6,22,8,3,11,21,17,5,7,5,3,2,4,1,1,1,0,1,1,1,1,0,0,0,1,1,0,0,0,0,0,0,0,0,0,0
6,60,37,32,63,31,26,25,21,42,33,11,17,60,15,6,12,13,0,9,3,2,2,10,2,0,0,1,30,2,1,1,1,1,0,1,0,0,0,0,0,0,0,0
33,116,118,126,247,115,76,118,32,170,103,32,71,120,98,20,57,49,31,26,13,11,15,24,9,3,5,3,55,0,2,2,4,8,3,3,1,3,0,0,0,0,0,0
68,243,225,201,390,207,128,207,54,361,169,115,118,338,162,63,100,56,8,45,17,25,23,20,24,6,14,12,113,2,7,5,14,14,2,6,0,3,0,0,0,0,0,0
12,30,26,28,48,9,15,19,4,21,22,16,10,32,25,4,20,6,3,3,0,0,3,6,3,2,1,0,7,2,0,0,6,5,0,0,0,0,0,0,0,0,0,0
0,6,2,2,6,3,1,5,0,1,10,2,0,12,3,2,1,1,0,0,0,0,0,0,0,0,0,0,3,0,0,0,0,0,0,1,0,0,0,0,0,0,0,0
37,184,151,148,266,62,80,102,42,161,180,63,41,292,127,27,46,49,23,18,6,16,30,15,12,0,11,4,90,3,5,13,2,3,4,4,0,3,2,0,0,0,0,0
24,86,76,70,128,34,29,68,34,118,64,35,31,121,64,18,52,32,4,7,11,8,6,5,6,0,6,3,24,0,2,2,2,2,2,5,0,0,0,0,0,0,0,0
17,53,46,31,76,35,16,62,20,77,31,28,20,60,23,22,25,9,4,8,3,3,11,3,2,0,7,4,4,0,0,0,0,1,3,2,1,0,0,0,0,0,0,0
5,7,8,1,11,4,2,4,3,6,7,2,5,7,4,1,0,4,0,0,1,3,1,0,1,0,0,0,2,0,0,0,0,0,1,0,0,0,0,0,0,0,0,0
13,54,47,46,81,19,19,35,5,48,41,39,13,42,28,10,10,17,7,2,4,3,8,10,4,1,1,0,17,2,0,0,2,5,2,1,0,1,0,0,0,0,0,0
8,56,46,44,90,28,15,31,14,51,20,27,16,50,27,3,17,9,3,5,6,5,3,11,2,0,2,0,19,1,0,0,0,0,2,0,0,0,0,0,0,0,0,0
14,24,51,37,80,26,14,38,11,58,39,29,19,46,31,7,18,22,5,9,5,13,5,0,2,0,3,1,6,0,2,0,2,3,4,1,0,0,0,0,0,0,0,0
10,16,13,10,17,12,5,20,6,16,21,9,8,36,15,3,11,6,4,1,1,2,2,0,0,0,2,0,14,0,0,1,0,0,0,1,1,0,0,0,0,0,0,0
13,29,27,25,49,17,14,25,10,54,21,9,9,60,18,9,16,9,1,7,4,1,3,2,1,1,0,2,18,1,0,0,1,0,4,1,0,1,0,0,0,0,0,0
90,249,235,251,396,30,127,304,70,343,367,153,114,549,281,109,136,115,60,49,26,29,27,27,21,0,14,3,58,7,1,2,4,37,5,11,0,1,1,1,0,0,0,0
24,66,51,62,99,49,57,30,19,83,29,32,42,76,48,7,23,13,6,20,5,1,3,19,3,1,4,1,31,0,7,7,0,0,4,4,0,1,0,0,0,0,0,0
9,39,28,31,66,13,14,42,14,40,34,7,14,59,21,14,12,12,1,8,2,4,6,3,1,1,0,1,18,1,0,0,3,4,1,1,1,0,0,0,0,0,0,0
8,16,26,20,38,12,18,5,7,28,20,22,15,30,17,0,4,7,1,12,1,1,2,6,0,0,1,0,9,1,1,1,0,0,0,0,0,0,0,1,0,0,0,0
166,433,367,345,792,353,189,449,131,514,595,296,178,727,353,124,211,145,31,64,32,46,42,27,15,5,30,12,171,9,5,6,10,15,20,18,2,2,4,0,0,0,0,0
41,119,78,89,166,16,49,92,37,119,119,63,36,211,94,25,50,26,5,17,8,7,8,14,1,2,8,4,58,0,0,0,3,2,6,0,0,0,0,1,0,0,0,0
14,34,46,53,89,22,16,53,8,54,48,7,19,90,35,18,28,20,0,10,8,11,5,3,2,0,1,2,20,1,0,0,1,1,3,2,0,0,0,0,0,0,0,0
48,165,127,104,221,85,61,160,38,162,104,74,57,171,76,49,73,54,9,14,14,10,13,9,11,0,13,7,27,2,4,0,8,19,4,6,0,1,0,0,0,0,0,0
15,56,46,33,112,42,24,45,13,82,29,13,13,81,45,14,25,19,0,10,4,5,4,6,3,0,4,1,22,0,2,2,2,2,3,1,0,0,0,0,0,0,0,0
5,10,7,7,16,1,3,12,5,15,8,0,1,18,7,2,6,4,0,0,1,2,0,0,2,1,3,0,2,0,2,0,0,0,0,0,0,0,0,0,0,0,0,0
38,67,109,60,170,85,58,98,30,110,67,27,36,142,88,19,49,25,8,13,12,7,8,7,4,0,6,2,14,1,1,1,0,1,3,4,0,0,0,0,0,0,0,0
18,20,32,21,62,31,28,27,10,41,32,31,17,49,12,9,14,14,1,8,2,2,2,4,0,0,4,0,21,2,4,4,0,0,2,0,0,0,0,0,0,0,0,0
187,556,380,356,698,323,324,487,152,558,493,220,260,635,381,114,221,153,12,58,37,54,44,33,12,6,42,14,101,0,18,18,43,43,22,15,3,1,3,0,0,0,0,0
5,43,24,26,43,0,22,32,7,33,19,16,23,49,27,4,27,13,0,6,1,7,7,8,1,0,3,0,9,0,1,1,0,0,1,0,0,0,0,0,0,0,0,0
9,23,28,27,40,11,16,16,11,51,16,10,18,29,15,5,7,7,3,7,1,6,3,4,0,0,5,2,14,0,0,0,2,2,1,0,1,0,0,0,0,0,0,0
